run_id,root,history,phase,round_number,message_agent,t,has_question,target_scope,target_slot,compositional,transparent
veyru/1781716193,veyru/1779908251,10.0,replace_learned,19,stabilization_engineer,Current signs?,False,none,none,,
veyru/1781716193,veyru/1779908251,10.0,replace_learned,24,stabilization_engineer,Current signs?,False,none,none,,
veyru/1781716227,veyru/1779908251,10.0,replace_learned,17,stabilization_engineer,V17 symptoms?,False,none,none,,
veyru/1781716227,veyru/1779908251,10.0,replace_learned,19,stabilization_engineer,V19 symptoms?,False,none,none,,
veyru/1781716227,veyru/1779908251,10.0,replace_learned,23,stabilization_engineer,V23 symptoms?,False,none,none,,
veyru/1781716227,veyru/1779908251,10.0,replace_learned,25,stabilization_engineer,V25 symptoms?,False,none,none,,
veyru/1781723409,veyru/1779908251,5.0,replace_learned,21,stabilization_engineer,3 cues?,False,none,none,,
veyru/1781723415,veyru/1779908251,5.0,replace_learned,18,stabilization_engineer,Symptoms?,False,none,none,,
veyru/1781723420,veyru/1779908251,5.0,replace_learned,16,field_observer,No effect. Next?,False,none,none,,
veyru/1781723420,veyru/1779908251,5.0,replace_learned,21,stabilization_engineer,Symptoms?,False,none,none,,
veyru/1781731167,veyru/1779908251,1.0,replace_learned,17,stabilization_engineer,Current sx?,False,none,none,,
veyru/1781731167,veyru/1779908251,1.0,replace_learned,21,stabilization_engineer,Current sx?,False,none,none,,
veyru/1781731167,veyru/1779908251,1.0,replace_learned,23,stabilization_engineer,sx?,False,none,none,,
veyru/1781731167,veyru/1779908251,1.0,replace_learned,25,stabilization_engineer,sx?,False,none,none,,
veyru/1781731168,veyru/1779908251,1.0,replace_learned,21,stabilization_engineer,sx?,False,none,none,,
veyru/1781736966,veyru/1779908251,0.0,replace_learned,15,field_observer,No change. Next step?,False,none,none,,
veyru/1781736966,veyru/1779908251,0.0,replace_learned,23,field_observer,?,False,none,none,,
veyru/1781736966,veyru/1779908251,0.0,replace_learned,24,field_observer,?,False,none,none,,
veyru/1781736969,veyru/1779908251,0.0,replace_learned,18,field_observer,Ineffective. Next?,False,none,none,,
veyru/1781736969,veyru/1779908251,0.0,replace_learned,19,stabilization_engineer,Current symptoms?,False,none,none,,
veyru/1781736972,veyru/1779908251,0.0,replace_learned,16,field_observer,No effect; advise.,False,none,none,,
veyru/1781736972,veyru/1779908251,0.0,replace_learned,21,stabilization_engineer,Symptoms?,False,none,none,,
veyru/1781736972,veyru/1779908251,0.0,replace_learned,25,stabilization_engineer,Symptoms?,False,none,none,,
veyru/1781715282,veyru/1779909805,10.0,replace_learned,16,stabilization_engineer,cue?,False,none,none,,
veyru/1781715282,veyru/1779909805,10.0,replace_learned,18,stabilization_engineer,cue?,False,none,none,,
veyru/1781715282,veyru/1779909805,10.0,replace_learned,18,stabilization_engineer,cue?,False,none,none,,
veyru/1781715282,veyru/1779909805,10.0,replace_learned,22,field_observer,P7?,True,part,template,False,False
veyru/1781715282,veyru/1779909805,10.0,replace_learned,22,field_observer,1 lamp?,False,none,none,,
veyru/1781715282,veyru/1779909805,10.0,replace_learned,23,field_observer,P14?,True,part,template,False,False
veyru/1781715282,veyru/1779909805,10.0,replace_learned,25,field_observer,1 bell?,False,none,none,,
veyru/1781715298,veyru/1779909805,10.0,replace_learned,16,stabilization_engineer,cue?,False,none,none,,
veyru/1781715298,veyru/1779909805,10.0,replace_learned,17,stabilization_engineer,cue?,False,none,none,,
veyru/1781715298,veyru/1779909805,10.0,replace_learned,18,stabilization_engineer,cue?,False,none,none,,
veyru/1781715298,veyru/1779909805,10.0,replace_learned,22,field_observer,P7?,True,part,template,False,False
veyru/1781715298,veyru/1779909805,10.0,replace_learned,22,stabilization_engineer,cue?,False,none,none,,
veyru/1781715298,veyru/1779909805,10.0,replace_learned,25,field_observer,P9?,True,part,template,False,False
veyru/1781715308,veyru/1779909805,10.0,replace_learned,16,field_observer,P4?,True,part,template,False,False
veyru/1781715308,veyru/1779909805,10.0,replace_learned,18,field_observer,P14?,True,part,template,False,False
veyru/1781715308,veyru/1779909805,10.0,replace_learned,19,field_observer,1 lamp?,False,none,none,,
veyru/1781723410,veyru/1779909805,5.0,replace_learned,16,field_observer,p11?,True,part,template,False,False
veyru/1781723410,veyru/1779909805,5.0,replace_learned,17,field_observer,fail?,False,none,none,,
veyru/1781723410,veyru/1779909805,5.0,replace_learned,18,field_observer,p14?,True,part,template,False,False
veyru/1781723410,veyru/1779909805,5.0,replace_learned,18,field_observer,p7?,True,part,template,False,False
veyru/1781723410,veyru/1779909805,5.0,replace_learned,18,field_observer,?,False,none,none,,
veyru/1781723410,veyru/1779909805,5.0,replace_learned,18,stabilization_engineer,symptom?,False,none,none,,
veyru/1781723410,veyru/1779909805,5.0,replace_learned,25,field_observer,p9?,True,part,template,False,False
veyru/1781723411,veyru/1779909805,5.0,replace_learned,15,stabilization_engineer,cue?,False,none,none,,
veyru/1781723411,veyru/1779909805,5.0,replace_learned,16,field_observer,P11?,True,part,template,False,False
veyru/1781723411,veyru/1779909805,5.0,replace_learned,18,field_observer,P14?,True,part,template,False,False
veyru/1781723411,veyru/1779909805,5.0,replace_learned,22,field_observer,P7?,True,part,template,False,False
veyru/1781723411,veyru/1779909805,5.0,replace_learned,22,field_observer,seq?,True,part,template,False,True
veyru/1781723411,veyru/1779909805,5.0,replace_learned,24,stabilization_engineer,cue?,False,none,none,,
veyru/1781723411,veyru/1779909805,5.0,replace_learned,25,field_observer,P9?,True,part,template,False,False
veyru/1781723419,veyru/1779909805,5.0,replace_learned,16,field_observer,P11?,True,part,template,False,False
veyru/1781723419,veyru/1779909805,5.0,replace_learned,17,stabilization_engineer,cue?,False,none,none,,
veyru/1781723419,veyru/1779909805,5.0,replace_learned,18,field_observer,P14?,True,part,template,False,False
veyru/1781723419,veyru/1779909805,5.0,replace_learned,18,field_observer,P7?,True,part,template,False,False
veyru/1781723419,veyru/1779909805,5.0,replace_learned,24,stabilization_engineer,cue?,False,none,none,,
veyru/1781723419,veyru/1779909805,5.0,replace_learned,24,field_observer,how?,False,none,none,,
veyru/1781731159,veyru/1779909805,1.0,replace_learned,15,field_observer,P1?,True,part,template,False,False
veyru/1781731159,veyru/1779909805,1.0,replace_learned,15,stabilization_engineer,cue?,False,none,none,,
veyru/1781731159,veyru/1779909805,1.0,replace_learned,15,stabilization_engineer,sym?,False,none,none,,
veyru/1781731159,veyru/1779909805,1.0,replace_learned,16,field_observer,P11?,True,part,template,False,False
veyru/1781731159,veyru/1779909805,1.0,replace_learned,16,stabilization_engineer,see/hear?,False,none,none,,
veyru/1781731159,veyru/1779909805,1.0,replace_learned,17,field_observer,P10?,True,part,template,False,False
veyru/1781731159,veyru/1779909805,1.0,replace_learned,17,stabilization_engineer,see/hear?,False,none,none,,
veyru/1781731159,veyru/1779909805,1.0,replace_learned,18,field_observer,P6?,True,part,template,False,False
veyru/1781731159,veyru/1779909805,1.0,replace_learned,18,field_observer,P5?,True,part,template,False,False
veyru/1781731159,veyru/1779909805,1.0,replace_learned,18,stabilization_engineer,see/hear?,False,none,none,,
veyru/1781731159,veyru/1779909805,1.0,replace_learned,19,field_observer,P6?,True,part,template,False,False
veyru/1781731159,veyru/1779909805,1.0,replace_learned,19,field_observer,P1?,True,part,template,False,False
veyru/1781731159,veyru/1779909805,1.0,replace_learned,20,field_observer,P8?,True,part,template,False,False
veyru/1781731159,veyru/1779909805,1.0,replace_learned,20,stabilization_engineer,see/hear?,False,none,none,,
veyru/1781731159,veyru/1779909805,1.0,replace_learned,21,stabilization_engineer,see/hear?,False,none,none,,
veyru/1781731159,veyru/1779909805,1.0,replace_learned,22,field_observer,P7?,True,part,template,False,False
veyru/1781731159,veyru/1779909805,1.0,replace_learned,22,field_observer,each?,False,none,none,,
veyru/1781731159,veyru/1779909805,1.0,replace_learned,23,field_observer,P14?,True,part,template,False,False
veyru/1781731159,veyru/1779909805,1.0,replace_learned,24,field_observer,P14?,True,part,template,False,False
veyru/1781731159,veyru/1779909805,1.0,replace_learned,25,field_observer,P9?,True,part,template,False,False
veyru/1781731172,veyru/1779909805,1.0,replace_learned,15,field_observer,P1?,True,part,template,False,False
veyru/1781731172,veyru/1779909805,1.0,replace_learned,16,field_observer,P7?,True,part,template,False,False
veyru/1781731172,veyru/1779909805,1.0,replace_learned,16,stabilization_engineer,again,False,none,none,,
veyru/1781731172,veyru/1779909805,1.0,replace_learned,17,field_observer,10?,True,part,template,False,False
veyru/1781731172,veyru/1779909805,1.0,replace_learned,22,field_observer,O?,True,part,face,False,False
veyru/1781731174,veyru/1779909805,1.0,replace_learned,15,field_observer,plain?,True,whole,whole_procedure,True,False
veyru/1781731174,veyru/1779909805,1.0,replace_learned,15,stabilization_engineer,cue?,False,none,none,,
veyru/1781731174,veyru/1779909805,1.0,replace_learned,16,field_observer,plain?,True,whole,whole_procedure,True,False
veyru/1781731174,veyru/1779909805,1.0,replace_learned,16,stabilization_engineer,cue?,False,none,none,,
veyru/1781731174,veyru/1779909805,1.0,replace_learned,16,field_observer,expand P5,True,part,template,False,False
veyru/1781731174,veyru/1779909805,1.0,replace_learned,16,field_observer,P10?,True,part,template,False,False
veyru/1781731174,veyru/1779909805,1.0,replace_learned,17,stabilization_engineer,cue?,False,none,none,,
veyru/1781731174,veyru/1779909805,1.0,replace_learned,17,field_observer,P6?,True,part,template,False,False
veyru/1781731174,veyru/1779909805,1.0,replace_learned,17,stabilization_engineer,cue?,False,none,none,,
veyru/1781731174,veyru/1779909805,1.0,replace_learned,18,field_observer,pause where?,False,none,none,,
veyru/1781731174,veyru/1779909805,1.0,replace_learned,18,field_observer,P5?,True,part,template,False,False
veyru/1781731174,veyru/1779909805,1.0,replace_learned,18,stabilization_engineer,cue?,False,none,none,,
veyru/1781731174,veyru/1779909805,1.0,replace_learned,20,field_observer,P8?,True,part,template,False,False
veyru/1781731174,veyru/1779909805,1.0,replace_learned,22,field_observer,P7?,True,part,template,False,False
veyru/1781731174,veyru/1779909805,1.0,replace_learned,23,field_observer,P14?,True,part,template,False,False
veyru/1781731174,veyru/1779909805,1.0,replace_learned,23,stabilization_engineer,cue?,False,none,none,,
veyru/1781731174,veyru/1779909805,1.0,replace_learned,25,field_observer,P4?,True,part,template,False,False
veyru/1781731174,veyru/1779909805,1.0,replace_learned,25,stabilization_engineer,cue?,False,none,none,,
veyru/1781736953,veyru/1779909805,0.0,replace_learned,15,field_observer,Clarify P1/g?,True,part,other,True,False
veyru/1781736953,veyru/1779909805,0.0,replace_learned,16,field_observer,P11?,True,part,template,False,False
veyru/1781736953,veyru/1779909805,0.0,replace_learned,17,field_observer,P10?,True,part,template,False,False
veyru/1781736953,veyru/1779909805,0.0,replace_learned,18,field_observer,P6?,True,part,template,False,False
veyru/1781736953,veyru/1779909805,0.0,replace_learned,19,field_observer,P6?,True,part,template,False,False
veyru/1781736953,veyru/1779909805,0.0,replace_learned,19,stabilization_engineer,L+R only. Repeat P6.,False,none,none,,
veyru/1781736953,veyru/1779909805,0.0,replace_learned,20,field_observer,P8?,True,part,template,False,False
veyru/1781736953,veyru/1779909805,0.0,replace_learned,20,field_observer,P2?,True,part,template,False,False
veyru/1781736953,veyru/1779909805,0.0,replace_learned,21,field_observer,P8?,True,part,template,False,False
veyru/1781736953,veyru/1779909805,0.0,replace_learned,22,field_observer,P7?,True,part,template,False,False
veyru/1781736953,veyru/1779909805,0.0,replace_learned,22,field_observer,P8?,True,part,template,False,False
veyru/1781736953,veyru/1779909805,0.0,replace_learned,23,field_observer,P8?,True,part,template,False,False
veyru/1781736953,veyru/1779909805,0.0,replace_learned,23,field_observer,P14?,True,part,template,False,False
veyru/1781736953,veyru/1779909805,0.0,replace_learned,23,field_observer,Spell?,True,whole,whole_procedure,True,False
veyru/1781736953,veyru/1779909805,0.0,replace_learned,24,field_observer,P2?,True,part,template,False,False
veyru/1781736953,veyru/1779909805,0.0,replace_learned,24,field_observer,P13?,True,part,template,False,False
veyru/1781736953,veyru/1779909805,0.0,replace_learned,25,field_observer,P10?,True,part,template,False,False
veyru/1781736953,veyru/1779909805,0.0,replace_learned,25,field_observer,P1?,True,part,template,False,False
veyru/1781736964,veyru/1779909805,0.0,replace_learned,15,field_observer,Spell out.,True,whole,whole_procedure,True,False
veyru/1781736964,veyru/1779909805,0.0,replace_learned,16,field_observer,P6 plain.,True,part,template,False,False
veyru/1781736964,veyru/1779909805,0.0,replace_learned,16,stabilization_engineer,cue?,False,none,none,,
veyru/1781736964,veyru/1779909805,0.0,replace_learned,17,field_observer,"17 hollow,dark core; thin hum. P10 plain.",True,part,template,False,False
veyru/1781736964,veyru/1779909805,0.0,replace_learned,17,field_observer,P6 plain.,True,part,template,False,False
veyru/1781736964,veyru/1779909805,0.0,replace_learned,18,field_observer,Exact?,True,whole,whole_procedure,True,True
veyru/1781736964,veyru/1779909805,0.0,replace_learned,20,field_observer,P1 plain.,True,part,template,False,False
veyru/1781736964,veyru/1779909805,0.0,replace_learned,20,stabilization_engineer,cue?,False,none,none,,
veyru/1781736964,veyru/1779909805,0.0,replace_learned,20,field_observer,P2?,True,part,template,False,False
veyru/1781736964,veyru/1779909805,0.0,replace_learned,21,field_observer,Exact?,True,whole,whole_procedure,True,True
veyru/1781736964,veyru/1779909805,0.0,replace_learned,21,stabilization_engineer,cue?,False,none,none,,
veyru/1781736964,veyru/1779909805,0.0,replace_learned,21,field_observer,"21 hot/dim, rough red, low rumble. plain.",True,whole,whole_procedure,True,False
veyru/1781736964,veyru/1779909805,0.0,replace_learned,22,field_observer,1 lamp?,False,none,none,,
veyru/1781736964,veyru/1779909805,0.0,replace_learned,23,field_observer,?,False,none,none,,
veyru/1781736964,veyru/1779909805,0.0,replace_learned,24,field_observer,"24 cold,silent,still; no response. plain.",True,whole,whole_procedure,True,False
veyru/1781736964,veyru/1779909805,0.0,replace_learned,25,field_observer,Exact?,True,whole,whole_procedure,True,True
veyru/1781736964,veyru/1779909805,0.0,replace_learned,25,stabilization_engineer,cue?,False,none,none,,
veyru/1781736971,veyru/1779909805,0.0,replace_learned,15,field_observer,Need plain action/tool.,True,whole,whole_procedure,True,False
veyru/1781736971,veyru/1779909805,0.0,replace_learned,16,field_observer,Ineffective. Next?,False,none,none,,
veyru/1781736971,veyru/1779909805,0.0,replace_learned,16,field_observer,Plain?,True,whole,whole_procedure,True,False
veyru/1781736971,veyru/1779909805,0.0,replace_learned,17,field_observer,Ineffective; clarify.,True,whole,whole_procedure,True,True
veyru/1781736971,veyru/1779909805,0.0,replace_learned,17,field_observer,Action?,False,none,none,,
veyru/1781736971,veyru/1779909805,0.0,replace_learned,17,stabilization_engineer,Symptom?,False,none,none,,
veyru/1781736971,veyru/1779909805,0.0,replace_learned,18,field_observer,Short plain.,True,whole,whole_procedure,True,False
veyru/1781736971,veyru/1779909805,0.0,replace_learned,19,field_observer,Short plain.,True,whole,whole_procedure,True,False
veyru/1781736971,veyru/1779909805,0.0,replace_learned,19,field_observer,Short plain.,True,whole,whole_procedure,True,False
veyru/1781736971,veyru/1779909805,0.0,replace_learned,20,field_observer,Plain.,True,whole,whole_procedure,True,False
veyru/1781736971,veyru/1779909805,0.0,replace_learned,21,field_observer,Plain.,True,whole,whole_procedure,True,False
veyru/1781736971,veyru/1779909805,0.0,replace_learned,22,field_observer,Plain.,True,whole,whole_procedure,True,False
veyru/1781736971,veyru/1779909805,0.0,replace_learned,24,field_observer,Plain.,True,whole,whole_procedure,True,False
veyru/1781715283,veyru/1779978245,10.0,replace_learned,17,stabilization_engineer,X?,True,part,other,False,False
veyru/1781715283,veyru/1779978245,10.0,replace_learned,18,stabilization_engineer,X?,True,part,other,False,False
veyru/1781715283,veyru/1779978245,10.0,replace_learned,19,stabilization_engineer,X?,True,part,other,False,False
veyru/1781715283,veyru/1779978245,10.0,replace_learned,20,stabilization_engineer,X?,True,part,other,False,False
veyru/1781715283,veyru/1779978245,10.0,replace_learned,21,stabilization_engineer,X?,True,part,other,False,False
veyru/1781715283,veyru/1779978245,10.0,replace_learned,24,stabilization_engineer,X?,True,part,other,False,False
veyru/1781723406,veyru/1779978245,5.0,replace_learned,17,stabilization_engineer,X?,True,part,other,False,False
veyru/1781723406,veyru/1779978245,5.0,replace_learned,20,stabilization_engineer,X?,True,part,other,False,False
veyru/1781723406,veyru/1779978245,5.0,replace_learned,21,stabilization_engineer,X?,True,part,other,False,False
veyru/1781723406,veyru/1779978245,5.0,replace_learned,23,stabilization_engineer,X?,True,part,other,False,False
veyru/1781723414,veyru/1779978245,5.0,replace_learned,17,stabilization_engineer,NE?,True,part,other,False,False
veyru/1781723414,veyru/1779978245,5.0,replace_learned,18,stabilization_engineer,NE?,True,part,other,False,False
veyru/1781723414,veyru/1779978245,5.0,replace_learned,20,stabilization_engineer,?,False,none,none,,
veyru/1781723414,veyru/1779978245,5.0,replace_learned,21,stabilization_engineer,?,False,none,none,,
veyru/1781723414,veyru/1779978245,5.0,replace_learned,23,stabilization_engineer,?,False,none,none,,
veyru/1781723414,veyru/1779978245,5.0,replace_learned,24,stabilization_engineer,?,False,none,none,,
veyru/1781723414,veyru/1779978245,5.0,replace_learned,25,stabilization_engineer,?,False,none,none,,
veyru/1781731165,veyru/1779978245,1.0,replace_learned,16,stabilization_engineer,X?,True,part,other,False,False
veyru/1781731165,veyru/1779978245,1.0,replace_learned,21,stabilization_engineer,X?,True,part,other,False,False
veyru/1781736970,veyru/1779978245,0.0,replace_learned,16,field_observer,New symptoms.,False,none,none,,
veyru/1781736970,veyru/1779978245,0.0,replace_learned,17,field_observer,New symptoms.,False,none,none,,
veyru/1781736970,veyru/1779978245,0.0,replace_learned,18,field_observer,Symptoms.,False,none,none,,
veyru/1781736970,veyru/1779978245,0.0,replace_learned,19,field_observer,Symptoms.,False,none,none,,
veyru/1781736970,veyru/1779978245,0.0,replace_learned,20,field_observer,Symptoms.,False,none,none,,
veyru/1781736970,veyru/1779978245,0.0,replace_learned,21,field_observer,Symptoms.,False,none,none,,
veyru/1781715279,veyru/1779978252,10.0,replace_learned,17,stabilization_engineer,Code?,False,none,none,,
veyru/1781715279,veyru/1779978252,10.0,replace_learned,18,stabilization_engineer,?,False,none,none,,
veyru/1781715279,veyru/1779978252,10.0,replace_learned,20,stabilization_engineer,?,False,none,none,,
veyru/1781715279,veyru/1779978252,10.0,replace_learned,21,stabilization_engineer,?,False,none,none,,
veyru/1781715279,veyru/1779978252,10.0,replace_learned,24,stabilization_engineer,?,False,none,none,,
veyru/1781715279,veyru/1779978252,10.0,replace_learned,25,stabilization_engineer,?,False,none,none,,
veyru/1781723407,veyru/1779978252,5.0,replace_learned,16,stabilization_engineer,Code?,False,none,none,,
veyru/1781723407,veyru/1779978252,5.0,replace_learned,21,stabilization_engineer,Code?,False,none,none,,
veyru/1781723407,veyru/1779978252,5.0,replace_learned,21,stabilization_engineer,Code?,False,none,none,,
veyru/1781723407,veyru/1779978252,5.0,replace_learned,22,stabilization_engineer,Code?,False,none,none,,
veyru/1781723407,veyru/1779978252,5.0,replace_learned,23,stabilization_engineer,Code?,False,none,none,,
veyru/1781723407,veyru/1779978252,5.0,replace_learned,24,stabilization_engineer,Code?,False,none,none,,
veyru/1781723407,veyru/1779978252,5.0,replace_learned,25,stabilization_engineer,Code?,False,none,none,,
veyru/1781723427,veyru/1779978252,5.0,replace_learned,20,stabilization_engineer,Code?,False,none,none,,
veyru/1781723427,veyru/1779978252,5.0,replace_learned,24,stabilization_engineer,Code?,False,none,none,,
veyru/1781723427,veyru/1779978252,5.0,replace_learned,25,stabilization_engineer,Code?,False,none,none,,
veyru/1781731169,veyru/1779978252,1.0,replace_learned,16,stabilization_engineer,Current code?,False,none,none,,
veyru/1781731169,veyru/1779978252,1.0,replace_learned,19,stabilization_engineer,Symptoms?,False,none,none,,
veyru/1781731169,veyru/1779978252,1.0,replace_learned,20,stabilization_engineer,Symptoms?,False,none,none,,
veyru/1781731169,veyru/1779978252,1.0,replace_learned,21,stabilization_engineer,Symptoms?,False,none,none,,
veyru/1781731169,veyru/1779978252,1.0,replace_learned,24,stabilization_engineer,Symptoms?,False,none,none,,
veyru/1781731169,veyru/1779978252,1.0,replace_learned,25,stabilization_engineer,Symptoms?,False,none,none,,
veyru/1781736947,veyru/1779978252,0.0,replace_learned,16,field_observer,No effect. Next?,False,none,none,,
veyru/1781736947,veyru/1779978252,0.0,replace_learned,16,stabilization_engineer,V16 symptom code?,False,none,none,,
veyru/1781736947,veyru/1779978252,0.0,replace_learned,18,field_observer,Now hollow tap; dark center; thin hum. Instr?,False,none,none,,
veyru/1781736947,veyru/1779978252,0.0,replace_learned,23,stabilization_engineer,23 sx?,False,none,none,,
veyru/1781736949,veyru/1779978252,0.0,replace_learned,20,stabilization_engineer,Code?,False,none,none,,
veyru/1781736949,veyru/1779978252,0.0,replace_learned,23,stabilization_engineer,Code?,False,none,none,,
veyru/1781736949,veyru/1779978252,0.0,replace_learned,25,stabilization_engineer,Code?,False,none,none,,
veyru/1781736949,veyru/1779978252,0.0,replace_learned,25,field_observer,"No code: hot dim, rough, red, low rumble.",False,none,none,,
veyru/1781715290,veyru/1780424131,10.0,replace_learned,20,stabilization_engineer,Symptoms?,False,none,none,,
veyru/1781715290,veyru/1780424131,10.0,replace_learned,24,stabilization_engineer,Symptoms?,False,none,none,,
veyru/1781715290,veyru/1780424131,10.0,replace_learned,25,stabilization_engineer,Symptoms?,False,none,none,,
veyru/1781716002,veyru/1780424131,10.0,replace_learned,16,stabilization_engineer,tags?,False,none,none,,
veyru/1781716002,veyru/1780424131,10.0,replace_learned,19,stabilization_engineer,tags?,False,none,none,,
veyru/1781716002,veyru/1780424131,10.0,replace_learned,23,stabilization_engineer,tags?,False,none,none,,
veyru/1781716007,veyru/1780424131,10.0,replace_learned,19,stabilization_engineer,Symptoms?,False,none,none,,
veyru/1781723429,veyru/1780424131,5.0,replace_learned,16,stabilization_engineer,Tags?,False,none,none,,
veyru/1781723429,veyru/1780424131,5.0,replace_learned,23,stabilization_engineer,Tags?,False,none,none,,
veyru/1781731160,veyru/1780424131,1.0,replace_learned,18,field_observer,Ineffective. Next?,False,none,none,,
veyru/1781731160,veyru/1780424131,1.0,replace_learned,21,field_observer,No change. Next?,False,none,none,,
veyru/1781736951,veyru/1780424131,0.0,replace_learned,16,field_observer,"Stable, but new symptoms.",False,none,none,,
veyru/1781736951,veyru/1780424131,0.0,replace_learned,17,field_observer,No change. Next?,False,none,none,,
veyru/1781736951,veyru/1780424131,0.0,replace_learned,18,field_observer,Stable; new symptoms.,False,none,none,,
veyru/1781736955,veyru/1780424131,0.0,replace_learned,16,field_observer,No effect. Next?,False,none,none,,
veyru/1781736955,veyru/1780424131,0.0,replace_learned,16,stabilization_engineer,Symptoms?,False,none,none,,
veyru/1781736955,veyru/1780424131,0.0,replace_learned,25,field_observer,No effect. Next?,False,none,none,,
veyru/1781736955,veyru/1780424131,0.0,replace_learned,25,stabilization_engineer,Symptoms?,False,none,none,,
veyru/1781716102,veyru/1780425678,10.0,replace_learned,25,stabilization_engineer,V25 obs?,False,none,none,,
veyru/1781716108,veyru/1780425678,10.0,replace_learned,24,stabilization_engineer,V24?,False,none,none,,
veyru/1781716108,veyru/1780425678,10.0,replace_learned,25,stabilization_engineer,V25?,False,none,none,,
veyru/1781724027,veyru/1780425678,5.0,replace_learned,25,stabilization_engineer,"Board on L 20s, m. Rotate; repeat face-pairs.",False,none,none,,
veyru/1781724127,veyru/1780425678,5.0,replace_learned,18,stabilization_engineer,"Stone beside L 20s; rotate, repeat each face.",False,none,none,,
veyru/1781731812,veyru/1780425678,1.0,replace_learned,21,stabilization_engineer,V21 obs?,False,none,none,,
veyru/1781731813,veyru/1780425678,1.0,replace_learned,23,field_observer,Rotate what?,False,none,none,,
veyru/1781737453,veyru/1780425678,0.0,replace_learned,15,field_observer,No effect. Next?,False,none,none,,
veyru/1781737453,veyru/1780425678,0.0,replace_learned,19,field_observer,Cloth or fan?,False,none,none,,
veyru/1781737453,veyru/1780425678,0.0,replace_learned,19,stabilization_engineer,Repeat.,False,none,none,,
veyru/1781737482,veyru/1780425678,0.0,replace_learned,15,field_observer,Did that. Ineffective. Next?,False,none,none,,
veyru/1781737482,veyru/1780425678,0.0,replace_learned,22,field_observer,1 lamp only. D=down?,True,part,face,False,True
veyru/1781715300,veyru/1780476965,10.0,replace_learned,20,field_observer,no again,False,none,none,,
veyru/1781715303,veyru/1780476965,10.0,replace_learned,17,field_observer,no again,False,none,none,,
veyru/1781723434,veyru/1780476965,5.0,replace_learned,24,field_observer,no.rotate=?,True,part,template,False,True
veyru/1781731163,veyru/1780476965,1.0,replace_learned,16,field_observer,"fail,rpt?",False,none,none,,
veyru/1781731163,veyru/1780476965,1.0,replace_learned,16,field_observer,fail2.stone where?,False,none,none,,
veyru/1781731163,veyru/1780476965,1.0,replace_learned,17,field_observer,fail.board how?,False,none,none,,
veyru/1781731163,veyru/1780476965,1.0,replace_learned,21,field_observer,fail2.top=up face?,True,part,face,False,True
veyru/1781731166,veyru/1780476965,1.0,replace_learned,19,field_observer,fail again,False,none,none,,
veyru/1781736965,veyru/1780476965,0.0,replace_learned,16,field_observer,Ineffective. Clarify order/details?,False,none,none,,
veyru/1781736965,veyru/1780476965,0.0,replace_learned,17,field_observer,Ineffective. Same symptoms.,False,none,none,,
veyru/1781736965,veyru/1780476965,0.0,replace_learned,18,field_observer,Fail. Fix?,False,none,none,,
veyru/1781736965,veyru/1780476965,0.0,replace_learned,19,field_observer,"V19: 1 face bright+vibrating, high whine. Go?",False,none,none,,
veyru/1781736965,veyru/1780476965,0.0,replace_learned,19,field_observer,Still fail. Cloth where?,False,none,none,,
veyru/1781736965,veyru/1780476965,0.0,replace_learned,20,field_observer,"V20: frozen dim, silent, cold. Instructions?",False,none,none,,
veyru/1781736965,veyru/1780476965,0.0,replace_learned,21,field_observer,"V21: hot+dim, red tint, rumble, gritty. Go?",False,none,none,,
veyru/1781736965,veyru/1780476965,0.0,replace_learned,22,field_observer,Fail. One lamp — sequence or simultaneous?,False,none,none,,
veyru/1781736965,veyru/1780476965,0.0,replace_learned,22,field_observer,Only 1 lamp. How?,False,none,none,,
veyru/1781736965,veyru/1780476965,0.0,replace_learned,23,field_observer,Fail. Clarify rotate?,True,part,template,False,True
veyru/1781736967,veyru/1780476965,0.0,replace_learned,16,field_observer,No effect. What next?,False,none,none,,
veyru/1781736967,veyru/1780476965,0.0,replace_learned,16,field_observer,Still no effect. Need clarification.,False,none,none,,
veyru/1781736967,veyru/1780476965,0.0,replace_learned,17,field_observer,No effect. Retry?,False,none,none,,
veyru/1781736968,veyru/1780476965,0.0,replace_learned,16,field_observer,Ineffective. Same symptoms. New instructions?,False,none,none,,
veyru/1781736968,veyru/1780476965,0.0,replace_learned,18,field_observer,Ineffective. Alt?,False,none,none,,
veyru/1781736968,veyru/1780476965,0.0,replace_learned,19,field_observer,Ineffective. Same. Alt?,False,none,none,,
veyru/1781736968,veyru/1780476965,0.0,replace_learned,19,field_observer,Still ineffective x3. Clarify?,False,none,none,,
veyru/1781736968,veyru/1780476965,0.0,replace_learned,20,field_observer,Ineffective. Alt?,False,none,none,,
veyru/1781736968,veyru/1780476965,0.0,replace_learned,20,field_observer,Fails x4. Edge order?,False,none,none,,
veyru/1781736968,veyru/1780476965,0.0,replace_learned,20,field_observer,"Now dim, faint, whisper. Fix?",False,none,none,,
veyru/1781736968,veyru/1780476965,0.0,replace_learned,21,field_observer,Ineffective. Alt?,False,none,none,,
veyru/1781736968,veyru/1780476965,0.0,replace_learned,22,field_observer,Ineffective. Alt?,False,none,none,,
veyru/1781736968,veyru/1780476965,0.0,replace_learned,22,field_observer,Fails x4. Which face is opposite bottom?,False,none,none,,
veyru/1781736968,veyru/1780476965,0.0,replace_learned,23,field_observer,Fails x3. Edge start?,False,none,none,,
veyru/1781736968,veyru/1780476965,0.0,replace_learned,24,field_observer,"V24: Frozen dim, silent, cold. Go?",False,none,none,,
veyru/1781736968,veyru/1780476965,0.0,replace_learned,24,field_observer,Ineffective. Face order after front?,False,none,none,,
veyru/1781736968,veyru/1780476965,0.0,replace_learned,25,field_observer,Fails x4. Clarify tone?,True,part,template,False,True
veyru/1781723408,veyru/1780476985,5.0,replace_learned,16,stabilization_engineer,X = ineffective?,True,part,other,False,False
veyru/1781723421,veyru/1780476985,5.0,replace_learned,15,field_observer,x clr?,True,part,other,False,False
veyru/1781723421,veyru/1780476985,5.0,replace_learned,15,stabilization_engineer,x=0 (ineff)? or all dark new state?,True,part,other,False,False
veyru/1781723421,veyru/1780476985,5.0,replace_learned,16,field_observer,p=?,True,part,template,False,False
veyru/1781723435,veyru/1780476985,5.0,replace_learned,15,field_observer,1 lamp only?,False,none,none,,
veyru/1781731147,veyru/1780476985,1.0,replace_learned,16,field_observer,"no, p=?",True,part,template,False,False
veyru/1781731158,veyru/1780476985,1.0,replace_learned,16,field_observer,no. p=?,True,part,template,False,False
veyru/1781731158,veyru/1780476985,1.0,replace_learned,16,field_observer,no. detail?,False,none,none,,
veyru/1781731158,veyru/1780476985,1.0,replace_learned,17,stabilization_engineer,symptoms?,False,none,none,,
veyru/1781731158,veyru/1780476985,1.0,replace_learned,19,field_observer,no. which F brt?,False,none,none,,
veyru/1781731161,veyru/1780476985,1.0,replace_learned,16,field_observer,no efct. clrfy?,True,unclear,none,,
veyru/1781731161,veyru/1780476985,1.0,replace_learned,16,field_observer,p=?,True,part,template,False,False
veyru/1781731161,veyru/1780476985,1.0,replace_learned,18,field_observer,no efct. sym: frz d sil cld,False,none,none,,
veyru/1781736946,veyru/1780476985,0.0,replace_learned,16,field_observer,Unclear. Plain words pls?,True,whole,whole_procedure,True,False
veyru/1781736946,veyru/1780476985,0.0,replace_learned,22,field_observer,1 lamp only. How?,False,none,none,,
veyru/1781736957,veyru/1780476985,0.0,replace_learned,17,field_observer,clarify: tool? 12p=? x5=?,True,part,other,True,False
veyru/1781736957,veyru/1780476985,0.0,replace_learned,17,field_observer,"tried, no effect. resend?",False,none,none,,
veyru/1781736957,veyru/1780476985,0.0,replace_learned,17,field_observer,tone=bell? rot=spin veyru?,True,part,template,True,True
veyru/1781736957,veyru/1780476985,0.0,replace_learned,22,field_observer,1 lamp only. how?,False,none,none,,
veyru/1781736963,veyru/1780476985,0.0,replace_learned,17,field_observer,p=? which tool,True,part,template,False,False
veyru/1781736963,veyru/1780476985,0.0,replace_learned,18,field_observer,fail. clarify 20p x5,True,part,other,True,False
veyru/1781736975,veyru/1780478036,0.0,replace_learned,22,field_observer,V21 stabilized! No new symptoms.,False,none,none,,
veyru/1781736975,veyru/1780478036,0.0,replace_learned,25,field_observer,Bell failed. New?,False,none,none,,
veyru/1781736975,veyru/1780478036,0.0,replace_learned,25,stabilization_engineer,V25 symp?,False,none,none,,
veyru/1781716191,veyru/1780478169,10.0,replace_learned,19,field_observer,X x2. Which face bright?,False,none,none,,
veyru/1781716235,veyru/1780478169,10.0,replace_learned,16,field_observer,X. Clarify stone: 1 face only or all?,False,none,none,,
veyru/1781716235,veyru/1780478169,10.0,replace_learned,17,stabilization_engineer,"Board front 12s mod, repeat all 3 face-pairs.",False,none,none,,
veyru/1781716350,veyru/1780478169,10.0,replace_learned,18,stabilization_engineer,Stone adj left gentle 20s. Repeat ea face.,False,none,none,,
veyru/1781716350,veyru/1780478169,10.0,replace_learned,21,field_observer,X. Which edges?,False,none,none,,
veyru/1781716350,veyru/1780478169,10.0,replace_learned,22,field_observer,X. How? 1 lamp only.,False,none,none,,
veyru/1781716350,veyru/1780478169,10.0,replace_learned,23,field_observer,X. Try diff face?,False,none,none,,
veyru/1781723424,veyru/1780478169,5.0,replace_learned,18,stabilization_engineer,Stone adj left gentle 20s. Repeat ea face.,False,none,none,,
veyru/1781723424,veyru/1780478169,5.0,replace_learned,19,field_observer,X. Which face is bright?,False,none,none,,
veyru/1781723424,veyru/1780478169,5.0,replace_learned,23,field_observer,X x3. Try diff face?,False,none,none,,
veyru/1781723428,veyru/1780478169,5.0,replace_learned,19,field_observer,X. Which face is bright?,False,none,none,,
veyru/1781723428,veyru/1780478169,5.0,replace_learned,22,field_observer,X same. 2 lamps or 1?,False,none,none,,
veyru/1781723428,veyru/1780478169,5.0,replace_learned,22,field_observer,1 lamp only. Alt?,False,none,none,,
veyru/1781731152,veyru/1780478169,1.0,replace_learned,16,field_observer,Board fail. Retry?,False,none,none,,
veyru/1781731152,veyru/1780478169,1.0,replace_learned,16,field_observer,Fail again. Which bright face?,False,none,none,,
veyru/1781731152,veyru/1780478169,1.0,replace_learned,18,field_observer,Fail.Alt?,False,none,none,,
veyru/1781731152,veyru/1780478169,1.0,replace_learned,19,field_observer,Fail.Bell how?,False,none,none,,
veyru/1781731152,veyru/1780478169,1.0,replace_learned,20,field_observer,4th fail.Try top face?,False,none,none,,
veyru/1781731152,veyru/1780478169,1.0,replace_learned,21,field_observer,Fail.Stone?Fan?,False,none,none,,
veyru/1781731152,veyru/1780478169,1.0,replace_learned,21,field_observer,Fail.Diff tool?,False,none,none,,
veyru/1781731152,veyru/1780478169,1.0,replace_learned,22,field_observer,Fail.Lamp how?,False,none,none,,
veyru/1781731162,veyru/1780478169,1.0,replace_learned,18,stabilization_engineer,"Stone adj left, gentle 20s. Repeat all faces.",False,none,none,,
veyru/1781731162,veyru/1780478169,1.0,replace_learned,22,field_observer,Tried seq+simul - no. Clarify lamp placement?,False,none,none,,
veyru/1781731171,veyru/1780478169,1.0,replace_learned,18,field_observer,X. Clarify?,False,none,none,,
veyru/1781731171,veyru/1780478169,1.0,replace_learned,18,field_observer,X again.,False,none,none,,
veyru/1781731171,veyru/1780478169,1.0,replace_learned,25,stabilization_engineer,"Strike bell repeat near Veyru mod 20s, fade.",False,none,none,,
veyru/1781736956,veyru/1780478169,0.0,replace_learned,16,field_observer,Ineffective. Clarify?,False,none,none,,
veyru/1781736956,veyru/1780478169,0.0,replace_learned,17,field_observer,Ineffective. Clarify?,False,none,none,,
veyru/1781736956,veyru/1780478169,0.0,replace_learned,18,field_observer,Ineffective. More detail?,False,none,none,,
veyru/1781736956,veyru/1780478169,0.0,replace_learned,19,field_observer,Ineffective. Which face for cloth?,False,none,none,,
veyru/1781736956,veyru/1780478169,0.0,replace_learned,20,field_observer,Ineffective. Bell before or after cloth?,False,none,none,,
veyru/1781736956,veyru/1780478169,0.0,replace_learned,20,field_observer,Still ineffective. Hold cloth or lay flat?,False,none,none,,
veyru/1781736956,veyru/1780478169,0.0,replace_learned,21,field_observer,Ineffective. Bell during or after cloth?,False,none,none,,
veyru/1781736956,veyru/1780478169,0.0,replace_learned,21,field_observer,Still no. Hot face or top face for cloth?,False,none,none,,
veyru/1781736956,veyru/1780478169,0.0,replace_learned,22,field_observer,Still no. One lamp only - how?,False,none,none,,
veyru/1781736956,veyru/1780478169,0.0,replace_learned,23,field_observer,Ineffective x2. Clarify rotate + tone?,False,none,none,,
veyru/1781736956,veyru/1780478169,0.0,replace_learned,24,field_observer,x3 fail. Cloth on which face?,False,none,none,,
veyru/1781736956,veyru/1780478169,0.0,replace_learned,25,field_observer,x4 fail. Bell adj where?,False,none,none,,
veyru/1781736958,veyru/1780478169,0.0,replace_learned,16,field_observer,Bell ea face back 1st ineffective. Clarify?,False,none,none,,
veyru/1781736958,veyru/1780478169,0.0,replace_learned,18,field_observer,"Norm glow,hollow,dark ctr,thin hum.Next?",False,none,none,,
veyru/1781736958,veyru/1780478169,0.0,replace_learned,18,field_observer,"1-2 corners bright,ticking,heat there.Next?",False,none,none,,
veyru/1781736958,veyru/1780478169,0.0,replace_learned,19,field_observer,Still ineffective.Which face=cloth?,False,none,none,,
veyru/1781736958,veyru/1780478169,0.0,replace_learned,20,field_observer,Ineffective.Front=which face?,True,part,face,False,True
veyru/1781736958,veyru/1780478169,0.0,replace_learned,20,field_observer,Still no.Cloth duration ok?Bell sequence?,False,none,none,,
veyru/1781736958,veyru/1780478169,0.0,replace_learned,22,field_observer,Lamp ineffective.Simultaneous?,False,none,none,,
veyru/1781736958,veyru/1780478169,0.0,replace_learned,23,field_observer,Cloth+bell still no.Bell intensity?,False,none,none,,
veyru/1781736958,veyru/1780478169,0.0,replace_learned,24,field_observer,Cloth+fan ineffective.Fan6=sweeps/secs?,True,part,duration,False,True
veyru/1781736958,veyru/1780478169,0.0,replace_learned,25,field_observer,Bell center ineffective.Clarify?,False,none,none,,
veyru/1781716406,veyru/1780478385,10.0,replace_learned,16,field_observer,tag:CD,False,none,none,,
veyru/1781716406,veyru/1780478385,10.0,replace_learned,16,stabilization_engineer,FD=?,True,part,motif_symptom,False,False
veyru/1781716406,veyru/1780478385,10.0,replace_learned,17,field_observer,tag:HC,False,none,none,,
veyru/1781716406,veyru/1780478385,10.0,replace_learned,17,stabilization_engineer,HC=?,True,part,motif_symptom,False,False
veyru/1781716406,veyru/1780478385,10.0,replace_learned,18,field_observer,tag:PS,False,none,none,,
veyru/1781716406,veyru/1780478385,10.0,replace_learned,19,field_observer,tag:FD,False,none,none,,
veyru/1781716406,veyru/1780478385,10.0,replace_learned,19,stabilization_engineer,obs?,False,none,none,,
veyru/1781716406,veyru/1780478385,10.0,replace_learned,20,field_observer,tag:PS,False,none,none,,
veyru/1781716406,veyru/1780478385,10.0,replace_learned,23,field_observer,tag:WB,False,none,none,,
veyru/1781716406,veyru/1780478385,10.0,replace_learned,24,field_observer,tag:PS,False,none,none,,
veyru/1781716406,veyru/1780478385,10.0,replace_learned,24,field_observer,which f?,False,none,none,,
veyru/1781716406,veyru/1780478385,10.0,replace_learned,25,field_observer,tag:HR (hot+rumble+gritty+red),False,none,none,,
veyru/1781716438,veyru/1780478385,10.0,replace_learned,16,field_observer,tag:CD,False,none,none,,
veyru/1781716438,veyru/1780478385,10.0,replace_learned,17,field_observer,tag:HC,False,none,none,,
veyru/1781716438,veyru/1780478385,10.0,replace_learned,17,stabilization_engineer,HC=?,True,part,motif_symptom,False,False
veyru/1781716438,veyru/1780478385,10.0,replace_learned,18,field_observer,tag:PS,False,none,none,,
veyru/1781716438,veyru/1780478385,10.0,replace_learned,20,field_observer,tag:PS,False,none,none,,
veyru/1781716438,veyru/1780478385,10.0,replace_learned,23,field_observer,"tag:WB (e:wobble, f:bulge, hum:muffled)",False,none,none,,
veyru/1781716438,veyru/1780478385,10.0,replace_learned,24,field_observer,tag:PS,False,none,none,,
veyru/1781716438,veyru/1780478385,10.0,replace_learned,25,field_observer,tag:HD,False,none,none,,
veyru/1781716441,veyru/1780478385,10.0,replace_learned,16,field_observer,tag:CD,False,none,none,,
veyru/1781716441,veyru/1780478385,10.0,replace_learned,17,field_observer,tag:HC,False,none,none,,
veyru/1781716441,veyru/1780478385,10.0,replace_learned,17,stabilization_engineer,HC=? HS/HI?,True,part,motif_symptom,True,False
veyru/1781716441,veyru/1780478385,10.0,replace_learned,17,field_observer,ineff which corner?,False,none,none,,
veyru/1781716441,veyru/1780478385,10.0,replace_learned,18,field_observer,tag:PS,False,none,none,,
veyru/1781716441,veyru/1780478385,10.0,replace_learned,19,field_observer,tag:1F br+whine+vibr,False,none,none,,
veyru/1781716441,veyru/1780478385,10.0,replace_learned,20,field_observer,tag:PS,False,none,none,,
veyru/1781716441,veyru/1780478385,10.0,replace_learned,21,field_observer,tag:HR hot+dim+rumble+gritty+red,False,none,none,,
veyru/1781716441,veyru/1780478385,10.0,replace_learned,22,field_observer,tag:CH flicker+broken-hum,False,none,none,,
veyru/1781716441,veyru/1780478385,10.0,replace_learned,23,field_observer,tag:SW wobble+bulge+muff,False,none,none,,
veyru/1781716441,veyru/1780478385,10.0,replace_learned,24,field_observer,tag:PS,False,none,none,,
veyru/1781716441,veyru/1780478385,10.0,replace_learned,25,field_observer,tag:HR,False,none,none,,
veyru/1781723416,veyru/1780478385,5.0,replace_learned,16,field_observer,tag:CD,False,none,none,,
veyru/1781723416,veyru/1780478385,5.0,replace_learned,17,field_observer,tag:HC hollow dark ctr,False,none,none,,
veyru/1781723416,veyru/1780478385,5.0,replace_learned,18,field_observer,tag:PS,False,none,none,,
veyru/1781723416,veyru/1780478385,5.0,replace_learned,19,field_observer,tag:FO br F whine,False,none,none,,
veyru/1781723416,veyru/1780478385,5.0,replace_learned,20,field_observer,tag:PS,False,none,none,,
veyru/1781723416,veyru/1780478385,5.0,replace_learned,21,field_observer,tag:OH hot dim rumb red,False,none,none,,
veyru/1781723416,veyru/1780478385,5.0,replace_learned,22,field_observer,tag:FL flick fc irreg hum,False,none,none,,
veyru/1781723416,veyru/1780478385,5.0,replace_learned,23,field_observer,tag:WB,False,none,none,,
veyru/1781723416,veyru/1780478385,5.0,replace_learned,24,field_observer,tag:PS,False,none,none,,
veyru/1781723416,veyru/1780478385,5.0,replace_learned,25,field_observer,tag:OH,False,none,none,,
veyru/1781723418,veyru/1780478385,5.0,replace_learned,15,field_observer,tag:LO,False,none,none,,
veyru/1781723418,veyru/1780478385,5.0,replace_learned,16,field_observer,tag:CD,False,none,none,,
veyru/1781723418,veyru/1780478385,5.0,replace_learned,17,field_observer,tag:HC hollow dark core,False,none,none,,
veyru/1781723418,veyru/1780478385,5.0,replace_learned,18,field_observer,tag:PS,False,none,none,,
veyru/1781723418,veyru/1780478385,5.0,replace_learned,19,field_observer,tag:FI,False,none,none,,
veyru/1781723418,veyru/1780478385,5.0,replace_learned,19,field_observer,which face?,False,none,none,,
veyru/1781723418,veyru/1780478385,5.0,replace_learned,20,field_observer,tag:PS,False,none,none,,
veyru/1781723418,veyru/1780478385,5.0,replace_learned,21,field_observer,tag:HR hot dim red rumble,False,none,none,,
veyru/1781723418,veyru/1780478385,5.0,replace_learned,22,field_observer,tag:FL flicker chaotic,False,none,none,,
veyru/1781723418,veyru/1780478385,5.0,replace_learned,23,field_observer,tag:SD,False,none,none,,
veyru/1781723418,veyru/1780478385,5.0,replace_learned,24,field_observer,tag:PS,False,none,none,,
veyru/1781723418,veyru/1780478385,5.0,replace_learned,25,field_observer,tag:HR,False,none,none,,
veyru/1781723423,veyru/1780478385,5.0,replace_learned,16,field_observer,tag:CD,False,none,none,,
veyru/1781723423,veyru/1780478385,5.0,replace_learned,16,stabilization_engineer,FH=?,True,part,motif_symptom,False,False
veyru/1781723423,veyru/1780478385,5.0,replace_learned,17,field_observer,"tag:HO hollow tap, dark ctr, thin hum",False,none,none,,
veyru/1781723423,veyru/1780478385,5.0,replace_learned,18,field_observer,tag:PS,False,none,none,,
veyru/1781723423,veyru/1780478385,5.0,replace_learned,19,field_observer,tag:1F 1face brt+vibr+whine,False,none,none,,
veyru/1781723423,veyru/1780478385,5.0,replace_learned,20,field_observer,tag:PS,False,none,none,,
veyru/1781723423,veyru/1780478385,5.0,replace_learned,21,field_observer,"tag:RD hot dim,rumble,gritty,red",False,none,none,,
veyru/1781723423,veyru/1780478385,5.0,replace_learned,23,field_observer,"tag:WB wobble e,bulge,muffled",False,none,none,,
veyru/1781723423,veyru/1780478385,5.0,replace_learned,24,field_observer,tag:PS,False,none,none,,
veyru/1781723423,veyru/1780478385,5.0,replace_learned,25,field_observer,tag:RD,False,none,none,,
veyru/1781731148,veyru/1780478385,1.0,replace_learned,17,field_observer,ineff. clarify?,False,none,none,,
veyru/1781731148,veyru/1780478385,1.0,replace_learned,20,field_observer,v18 sym: froz dim silent cold,False,none,none,,
veyru/1781731148,veyru/1780478385,1.0,replace_learned,22,field_observer,ineff. 1 lamp - sim?,False,none,none,,
veyru/1781731148,veyru/1780478385,1.0,replace_learned,24,field_observer,FROZ (v18 sym),False,none,none,,
veyru/1781731148,veyru/1780478385,1.0,replace_learned,25,field_observer,HOTRED (v21 sym),False,none,none,,
veyru/1781731154,veyru/1780478385,1.0,replace_learned,17,field_observer,ineff. clarify?,False,none,none,,
veyru/1781731154,veyru/1780478385,1.0,replace_learned,21,field_observer,ineff. tone=?,True,part,template,False,True
veyru/1781731155,veyru/1780478385,1.0,replace_learned,17,field_observer,ineff. clarify?,False,none,none,,
veyru/1781731155,veyru/1780478385,1.0,replace_learned,23,field_observer,ineff. meaning rot?,True,part,template,False,True
veyru/1781736954,veyru/1780478385,0.0,replace_learned,18,field_observer,bell L/R 5x gentle: no effect. next?,False,none,none,,
veyru/1781736954,veyru/1780478385,0.0,replace_learned,19,field_observer,bell all from L firm fading: nope. clarify?,False,none,none,,
veyru/1781736962,veyru/1780478385,0.0,replace_learned,18,field_observer,stone L face 20s gen rot all = fail. clarify?,False,none,none,,
veyru/1781736962,veyru/1780478385,0.0,replace_learned,19,stabilization_engineer,which face is bright?,False,none,none,,
veyru/1781736973,veyru/1780478385,0.0,replace_learned,17,field_observer,No effect. Clarify?,False,none,none,,
veyru/1781736973,veyru/1780478385,0.0,replace_learned,17,field_observer,Still no effect. Spell out tools?,True,part,other,True,True
veyru/1781723907,veyru/1780478524,5.0,replace_learned,17,stabilization_engineer,New round — please describe what you see now.,False,none,none,,
veyru/1781731590,veyru/1780478524,1.0,replace_learned,17,field_observer,"cloth+fan failed,same symptoms",False,none,none,,
veyru/1781737387,veyru/1780478524,0.0,replace_learned,22,field_observer,Lamp failed.Retry?,False,none,none,,
veyru/1781737449,veyru/1780478524,0.0,replace_learned,23,field_observer,Ineffective. Alt action?,False,none,none,,
veyru/1781737449,veyru/1780478524,0.0,replace_learned,24,field_observer,"V24: frozen dim, silent, cold. Orders?",False,none,none,,
veyru/1781737449,veyru/1780478524,0.0,replace_learned,24,field_observer,1 face bright+whine. Go?,False,none,none,,
veyru/1781737449,veyru/1780478524,0.0,replace_learned,25,field_observer,"V25: hot+dim, rumble, gritty, red. Orders?",False,none,none,,
veyru/1781737468,veyru/1780478524,0.0,replace_learned,21,field_observer,Failed. Same symptoms. New instruction?,False,none,none,,
veyru/1781716672,veyru/1780478844,10.0,replace_learned,16,stabilization_engineer,where? bright/dim?,False,none,none,,
veyru/1781716672,veyru/1780478844,10.0,replace_learned,18,stabilization_engineer,describe?,False,none,none,,
veyru/1781716672,veyru/1780478844,10.0,replace_learned,22,field_observer,ineff. only 1 lamp - how dim+bright both?,False,none,none,,
veyru/1781716674,veyru/1780478844,10.0,replace_learned,16,stabilization_engineer,describe?,False,none,none,,
veyru/1781716674,veyru/1780478844,10.0,replace_learned,18,stabilization_engineer,describe?,False,none,none,,
veyru/1781716674,veyru/1780478844,10.0,replace_learned,22,field_observer,1 lamp only. how illuminate 2 faces?,False,none,none,,
veyru/1781716674,veyru/1780478844,10.0,replace_learned,24,field_observer,x. clarify all-faces from F?,True,part,face,True,True
veyru/1781716674,veyru/1780478844,10.0,replace_learned,25,stabilization_engineer,describe?,False,none,none,,
veyru/1781716862,veyru/1780478844,10.0,replace_learned,16,stabilization_engineer,where? sound?,False,none,none,,
veyru/1781716862,veyru/1780478844,10.0,replace_learned,16,stabilization_engineer,?over — high=overload?,True,part,motif_symptom,False,True
veyru/1781716862,veyru/1780478844,10.0,replace_learned,18,field_observer,bad. resend?,False,none,none,,
veyru/1781716862,veyru/1780478844,10.0,replace_learned,18,stabilization_engineer,where?,False,none,none,,
veyru/1781716862,veyru/1780478844,10.0,replace_learned,20,stabilization_engineer,where?,False,none,none,,
veyru/1781716862,veyru/1780478844,10.0,replace_learned,23,field_observer,bad. detail?,False,none,none,,
veyru/1781716862,veyru/1780478844,10.0,replace_learned,25,stabilization_engineer,?red — therm or res?,True,part,motif_symptom,False,True
veyru/1781724326,veyru/1780478844,5.0,replace_learned,21,stabilization_engineer,dim/bright?,False,none,none,,
veyru/1781724326,veyru/1780478844,5.0,replace_learned,25,stabilization_engineer,dim/bright?,False,none,none,,
veyru/1781724348,veyru/1780478844,5.0,replace_learned,15,stabilization_engineer,?warp = bound or drift?,True,part,motif_symptom,False,True
veyru/1781724348,veyru/1780478844,5.0,replace_learned,16,field_observer,ineffective. order? B=Bottom?,True,part,face,False,True
veyru/1781724348,veyru/1780478844,5.0,replace_learned,16,field_observer,still ineffective. intensity? gentle right?,False,none,none,,
veyru/1781724348,veyru/1780478844,5.0,replace_learned,19,field_observer,ineff. clarify trace?,True,part,template,False,True
veyru/1781724348,veyru/1780478844,5.0,replace_learned,19,stabilization_engineer,overload = high or echo? buzz or layered hum?,True,part,motif_symptom,False,False
veyru/1781724348,veyru/1780478844,5.0,replace_learned,20,field_observer,ineff. start F or opp?,False,none,none,,
veyru/1781724348,veyru/1780478844,5.0,replace_learned,22,field_observer,only 1 lamp. how?,False,none,none,,
veyru/1781724348,veyru/1780478844,5.0,replace_learned,22,field_observer,ineff. clarify start face — Bt dim or opp?,False,none,none,,
veyru/1781724348,veyru/1780478844,5.0,replace_learned,23,field_observer,ineff. rotate what?,False,none,none,,
veyru/1781724389,veyru/1780478844,5.0,replace_learned,16,field_observer,still bad. order? stone first?,False,none,none,,
veyru/1781724389,veyru/1780478844,5.0,replace_learned,19,stabilization_engineer,over=high or echo?,True,part,motif_symptom,False,False
veyru/1781724389,veyru/1780478844,5.0,replace_learned,20,field_observer,ineff. tried sustained too. budget?,False,none,none,,
veyru/1781724389,veyru/1780478844,5.0,replace_learned,20,field_observer,ineff. F opp=B right?,True,part,param_bundle,True,True
veyru/1781724389,veyru/1780478844,5.0,replace_learned,22,field_observer,ineff. lamp only 1 brightness. clarify?,False,none,none,,
veyru/1781724389,veyru/1780478844,5.0,replace_learned,23,field_observer,already tried T 12 f. same?,False,none,none,,
veyru/1781724389,veyru/1780478844,5.0,replace_learned,24,field_observer,x. F+opp?,False,none,none,,
veyru/1781724389,veyru/1780478844,5.0,replace_learned,25,stabilization_engineer,rust=therm?,True,part,motif_symptom,False,False
veyru/1781731905,veyru/1780478844,1.0,replace_learned,16,stabilization_engineer,tried what?,False,none,none,,
veyru/1781731905,veyru/1780478844,1.0,replace_learned,17,stabilization_engineer,tried what?,False,none,none,,
veyru/1781731905,veyru/1780478844,1.0,replace_learned,22,field_observer,no. 1 lamp only?,False,none,none,,
veyru/1781731905,veyru/1780478844,1.0,replace_learned,25,stabilization_engineer,tried what?,False,none,none,,
veyru/1781731939,veyru/1780478844,1.0,replace_learned,17,field_observer,no. F=front?m=med?,True,part,param_bundle,True,True
veyru/1781731939,veyru/1780478844,1.0,replace_learned,18,field_observer,no. order?,False,none,none,,
veyru/1781731939,veyru/1780478844,1.0,replace_learned,19,field_observer,no. 20s each or total?,False,none,none,,
veyru/1781731939,veyru/1780478844,1.0,replace_learned,20,field_observer,no. chime intensity?,False,none,none,,
veyru/1781731939,veyru/1780478844,1.0,replace_learned,22,field_observer,1 lamp only. seq?,False,none,none,,
veyru/1781731939,veyru/1780478844,1.0,replace_learned,22,field_observer,stone as 2nd light fail. how improvise?,False,none,none,,
veyru/1781731939,veyru/1780478844,1.0,replace_learned,24,field_observer,simul fail too. duration each step?,False,none,none,,
veyru/1781731950,veyru/1780478844,1.0,replace_learned,17,field_observer,phase again,False,none,none,,
veyru/1781737599,veyru/1780478844,0.0,replace_learned,16,field_observer,unclear. tool? target? duration?,False,none,none,,
veyru/1781737599,veyru/1780478844,0.0,replace_learned,22,field_observer,fail. 1 lamp only?,False,none,none,,
veyru/1781737599,veyru/1780478844,0.0,replace_learned,22,field_observer,only 1 lamp in kit. substitute?,False,none,none,,
veyru/1781737621,veyru/1780478844,0.0,replace_learned,16,field_observer,ineffective. B=?,True,part,face,False,True
veyru/1781737621,veyru/1780478844,0.0,replace_learned,17,stabilization_engineer,V17 symptoms?,False,none,none,,
veyru/1781737621,veyru/1780478844,0.0,replace_learned,20,field_observer,ineffective. clarify?,False,none,none,,
veyru/1781737621,veyru/1780478844,0.0,replace_learned,20,stabilization_engineer,V20 fresh. New symptoms?,False,none,none,,
veyru/1781737635,veyru/1780478844,0.0,replace_learned,16,field_observer,No effect. B=?,True,part,face,False,True
veyru/1781737635,veyru/1780478844,0.0,replace_learned,17,field_observer,No. Cloth first?,False,none,none,,
veyru/1781737635,veyru/1780478844,0.0,replace_learned,19,field_observer,no. f=?,True,part,intensity,False,True
veyru/1781737635,veyru/1780478844,0.0,replace_learned,19,field_observer,did firm. order?,False,none,none,,
veyru/1781737635,veyru/1780478844,0.0,replace_learned,24,field_observer,no. 15 total?,False,none,none,,
veyru/1781716861,veyru/1780478990,10.0,replace_learned,15,stabilization_engineer,?,False,none,none,,
veyru/1781716861,veyru/1780478990,10.0,replace_learned,16,stabilization_engineer,?,False,none,none,,
veyru/1781717149,veyru/1780478990,10.0,replace_learned,16,stabilization_engineer,code?,True,part,motif_symptom,False,False
veyru/1781717149,veyru/1780478990,10.0,replace_learned,17,stabilization_engineer,BS?,True,part,motif_symptom,False,False
veyru/1781724427,veyru/1780478990,5.0,replace_learned,16,stabilization_engineer,?? symptoms,False,none,none,,
veyru/1781724427,veyru/1780478990,5.0,replace_learned,17,stabilization_engineer,?,False,none,none,,
veyru/1781724483,veyru/1780478990,5.0,replace_learned,15,stabilization_engineer,?,False,none,none,,
veyru/1781724491,veyru/1780478990,5.0,replace_learned,17,stabilization_engineer,HI or HS?,True,part,motif_symptom,True,False
veyru/1781724491,veyru/1780478990,5.0,replace_learned,19,stabilization_engineer,BF=?,True,part,motif_symptom,False,False
veyru/1781731964,veyru/1780478990,1.0,replace_learned,17,stabilization_engineer,New Veyru. Symptoms?,False,none,none,,
veyru/1781717289,veyru/1780479757,10.0,replace_learned,17,field_observer,Board fr-pair fail. Clarify?,False,none,none,,
veyru/1781717289,veyru/1780479757,10.0,replace_learned,19,field_observer,Cloth 20s→fan L+R 20s fail. Which F blazing?,False,none,none,,
veyru/1781717289,veyru/1780479757,10.0,replace_learned,22,field_observer,Fail. Try fr/bk or L/R?,False,none,none,,
veyru/1781717292,veyru/1780479757,10.0,replace_learned,16,field_observer,Fail. Clarify?,False,none,none,,
veyru/1781717292,veyru/1780479757,10.0,replace_learned,16,field_observer,Fail.1 lamp-alt?,False,none,none,,
veyru/1781717292,veyru/1780479757,10.0,replace_learned,21,field_observer,Fail. Same or alt?,False,none,none,,
veyru/1781717292,veyru/1780479757,10.0,replace_learned,22,field_observer,Fail. Bell after rm or on?,False,none,none,,
veyru/1781717292,veyru/1780479757,10.0,replace_learned,23,field_observer,Fail. Cloth on or off when bell?,False,none,none,,
veyru/1781717292,veyru/1780479757,10.0,replace_learned,24,field_observer,Fail. All 8 C or 4? Which opp F?,False,none,none,,
veyru/1781717307,veyru/1780479757,10.0,replace_learned,17,field_observer,Board fr 12s+ea pair not working. Alt?,False,none,none,,
veyru/1781717307,veyru/1780479757,10.0,replace_learned,17,field_observer,Still not working. Other tool?,False,none,none,,
veyru/1781717307,veyru/1780479757,10.0,replace_learned,20,field_observer,Not working. Try diff face?,False,none,none,,
veyru/1781717307,veyru/1780479757,10.0,replace_learned,20,field_observer,Still no. Bell tone?,False,none,none,,
veyru/1781717307,veyru/1780479757,10.0,replace_learned,20,field_observer,Nothing works on fr. Top?,False,none,none,,
veyru/1781717307,veyru/1780479757,10.0,replace_learned,21,field_observer,Not working. Cloth on during bell?,False,none,none,,
veyru/1781717307,veyru/1780479757,10.0,replace_learned,21,field_observer,Still no. How long cloth before bell?,False,none,none,,
veyru/1781717307,veyru/1780479757,10.0,replace_learned,21,stabilization_engineer,"Full 15s cloth, then bell edges 2x on it.",False,none,none,,
veyru/1781717307,veyru/1780479757,10.0,replace_learned,22,field_observer,Not working. Gentle bell?,False,none,none,,
veyru/1781717307,veyru/1780479757,10.0,replace_learned,23,field_observer,No. Cloth off or on during bell?,False,none,none,,
veyru/1781717307,veyru/1780479757,10.0,replace_learned,23,field_observer,Still no. Diff face?,False,none,none,,
veyru/1781717307,veyru/1780479757,10.0,replace_learned,23,field_observer,Still failing. Stone? Fan?,False,none,none,,
veyru/1781717307,veyru/1780479757,10.0,replace_learned,24,field_observer,Not working. Fan firm instead?,False,none,none,,
veyru/1781717307,veyru/1780479757,10.0,replace_learned,25,field_observer,Same. Try fan/cloth?,False,none,none,,
veyru/1781724492,veyru/1780479757,5.0,replace_learned,17,field_observer,Ineffective. Retry?,False,none,none,,
veyru/1781724492,veyru/1780479757,5.0,replace_learned,19,field_observer,Fail. Repeat?,False,none,none,,
veyru/1781724492,veyru/1780479757,5.0,replace_learned,20,field_observer,Fail again.,False,none,none,,
veyru/1781724492,veyru/1780479757,5.0,replace_learned,20,field_observer,Fail 3x. Alt?,False,none,none,,
veyru/1781724492,veyru/1780479757,5.0,replace_learned,21,field_observer,Fail. Top or all faces?,False,none,none,,
veyru/1781724492,veyru/1780479757,5.0,replace_learned,22,field_observer,Fail 2x. Gentle or firm cloth?,False,none,none,,
veyru/1781724492,veyru/1780479757,5.0,replace_learned,23,field_observer,Fail 2x. Clarify opp top action?,False,none,none,,
veyru/1781724492,veyru/1780479757,5.0,replace_learned,24,field_observer,Fail. Less time/F?,False,none,none,,
veyru/1781724500,veyru/1780479757,5.0,replace_learned,17,field_observer,No effect. Retry?,False,none,none,,
veyru/1781724500,veyru/1780479757,5.0,replace_learned,19,field_observer,No effect x3. Which F bright?,False,none,none,,
veyru/1781724500,veyru/1780479757,5.0,replace_learned,22,field_observer,No effect. Simultaneously or seq?,False,none,none,,
veyru/1781732061,veyru/1780479757,1.0,replace_learned,20,field_observer,No effect. Clarify fr edge?,True,part,face,True,True
veyru/1781732061,veyru/1780479757,1.0,replace_learned,20,field_observer,Still fail. Which F first?,False,none,none,,
veyru/1781732061,veyru/1780479757,1.0,replace_learned,22,field_observer,Fail. Dim btm+bright top simultaneous or seq?,False,none,none,,
veyru/1781732092,veyru/1780479757,1.0,replace_learned,17,stabilization_engineer,New Veyru now. Describe current symptoms.,False,none,none,,
veyru/1781732092,veyru/1780479757,1.0,replace_learned,18,field_observer,Fail. Clarify rotate+bell C?,False,none,none,,
veyru/1781737796,veyru/1780479757,0.0,replace_learned,16,field_observer,Ineffective. Same symptoms.,False,none,none,,
veyru/1781737796,veyru/1780479757,0.0,replace_learned,18,field_observer,Instruct?,False,none,none,,
veyru/1781737816,veyru/1780479757,0.0,replace_learned,19,field_observer,No effect. Retry?,False,none,none,,
veyru/1781737816,veyru/1780479757,0.0,replace_learned,25,stabilization_engineer,"Board L face mod 20s, rotate repeat ea pair.",False,none,none,,
veyru/1781737819,veyru/1780479757,0.0,replace_learned,17,field_observer,Bell seq failed. Clarify order/face?,False,none,none,,
veyru/1781737819,veyru/1780479757,0.0,replace_learned,20,field_observer,"V20: frozen dim, silent, cold. Orders?",False,none,none,,
veyru/1781737819,veyru/1780479757,0.0,replace_learned,20,field_observer,Failed. All edges or just fr face edges?,False,none,none,,
veyru/1781737819,veyru/1780479757,0.0,replace_learned,20,field_observer,Still failed. Try diff tool?,False,none,none,,
veyru/1781737819,veyru/1780479757,0.0,replace_learned,21,field_observer,Failed. Alt approach?,False,none,none,,
veyru/1781737819,veyru/1780479757,0.0,replace_learned,21,field_observer,Still fail. Fan or stone instead?,False,none,none,,
veyru/1781737819,veyru/1780479757,0.0,replace_learned,22,field_observer,Failed. Cloth off then bell?,False,none,none,,
veyru/1781737819,veyru/1780479757,0.0,replace_learned,23,field_observer,Failed cloth+bell top. Try btm face?,False,none,none,,
veyru/1781737819,veyru/1780479757,0.0,replace_learned,23,field_observer,Top still fail. Stone? Fan? Diff face?,False,none,none,,
veyru/1781737819,veyru/1780479757,0.0,replace_learned,24,field_observer,"V24: frozen dim, silent, cold. Orders?",False,none,none,,
veyru/1781717308,veyru/1780480309,10.0,replace_learned,15,field_observer,P4=?,True,part,template,False,False
veyru/1781717308,veyru/1780480309,10.0,replace_learned,15,field_observer,fail again,False,none,none,,
veyru/1781717308,veyru/1780480309,10.0,replace_learned,15,field_observer,P10=?,True,part,template,False,False
veyru/1781717308,veyru/1780480309,10.0,replace_learned,16,stabilization_engineer,symptoms?,False,none,none,,
veyru/1781717313,veyru/1780480309,10.0,replace_learned,16,field_observer,P14=?,True,part,template,False,False
veyru/1781717313,veyru/1780480309,10.0,replace_learned,16,stabilization_engineer,?,False,none,none,,
veyru/1781717313,veyru/1780480309,10.0,replace_learned,17,field_observer,P13=?,True,part,template,False,False
veyru/1781717313,veyru/1780480309,10.0,replace_learned,17,stabilization_engineer,?,False,none,none,,
veyru/1781717313,veyru/1780480309,10.0,replace_learned,22,stabilization_engineer,hum?,False,none,none,,
veyru/1781717318,veyru/1780480309,10.0,replace_learned,16,field_observer,P14?,True,part,template,False,False
veyru/1781717318,veyru/1780480309,10.0,replace_learned,16,field_observer,P13?,True,part,template,False,False
veyru/1781717318,veyru/1780480309,10.0,replace_learned,16,field_observer,P7?,True,part,template,False,False
veyru/1781724501,veyru/1780480309,5.0,replace_learned,17,field_observer,P13?,True,part,template,False,False
veyru/1781724501,veyru/1780480309,5.0,replace_learned,17,field_observer,P9?,True,part,template,False,False
veyru/1781724501,veyru/1780480309,5.0,replace_learned,18,field_observer,NG clarify,False,none,none,,
veyru/1781724507,veyru/1780480309,5.0,replace_learned,17,stabilization_engineer,[12s/mod] P? F — clarify: VOID? hum/tap?,False,none,none,,
veyru/1781724507,veyru/1780480309,5.0,replace_learned,17,field_observer,P13?,True,part,template,False,False
veyru/1781724507,veyru/1780480309,5.0,replace_learned,17,stabilization_engineer,WARP=?,True,part,motif_symptom,False,True
veyru/1781724507,veyru/1780480309,5.0,replace_learned,17,field_observer,P9?,True,part,template,False,False
veyru/1781724507,veyru/1780480309,5.0,replace_learned,18,field_observer,P5?,True,part,template,False,False
veyru/1781724560,veyru/1780480309,5.0,replace_learned,16,field_observer,P14?,True,part,template,False,False
veyru/1781724560,veyru/1780480309,5.0,replace_learned,16,field_observer,P13?,True,part,template,False,False
veyru/1781724560,veyru/1780480309,5.0,replace_learned,16,field_observer,fail clr?,False,none,none,,
veyru/1781732112,veyru/1780480309,1.0,replace_learned,16,field_observer,P14=?,True,part,template,False,False
veyru/1781732112,veyru/1780480309,1.0,replace_learned,20,field_observer,how tone?,False,none,none,,
veyru/1781732112,veyru/1780480309,1.0,replace_learned,20,stabilization_engineer,sym?,False,none,none,,
veyru/1781732112,veyru/1780480309,1.0,replace_learned,24,stabilization_engineer,hum?,False,none,none,,
veyru/1781732112,veyru/1780480309,1.0,replace_learned,25,field_observer,tone=bell? voice? other?,False,none,none,,
veyru/1781732131,veyru/1780480309,1.0,replace_learned,17,field_observer,P13?,True,part,template,False,False
veyru/1781732131,veyru/1780480309,1.0,replace_learned,19,field_observer,FAIL clarify,False,none,none,,
veyru/1781732131,veyru/1780480309,1.0,replace_learned,19,stabilization_engineer,symptoms?,False,none,none,,
veyru/1781732131,veyru/1780480309,1.0,replace_learned,22,field_observer,fail; 1 lamp only?,False,none,none,,
veyru/1781732131,veyru/1780480309,1.0,replace_learned,24,stabilization_engineer,symptoms?,False,none,none,,
veyru/1781732178,veyru/1780480309,1.0,replace_learned,16,field_observer,P14=?,True,part,template,False,False
veyru/1781732178,veyru/1780480309,1.0,replace_learned,17,field_observer,P13?,True,part,template,False,False
veyru/1781732178,veyru/1780480309,1.0,replace_learned,19,stabilization_engineer,new V. symptoms?,False,none,none,,
veyru/1781732178,veyru/1780480309,1.0,replace_learned,20,stabilization_engineer,new V. symptoms?,False,none,none,,
veyru/1781732178,veyru/1780480309,1.0,replace_learned,21,stabilization_engineer,new V. sym?,False,none,none,,
veyru/1781732178,veyru/1780480309,1.0,replace_learned,23,stabilization_engineer,new V. sym?,False,none,none,,
veyru/1781732178,veyru/1780480309,1.0,replace_learned,25,stabilization_engineer,new V. sym?,False,none,none,,
veyru/1781732178,veyru/1780480309,1.0,replace_learned,25,stabilization_engineer,br? dim? C? hum?,False,none,none,,
veyru/1781737852,veyru/1780480309,0.0,replace_learned,17,field_observer,tool?,False,none,none,,
veyru/1781737852,veyru/1780480309,0.0,replace_learned,18,field_observer,no effect. V=?,False,none,none,,
veyru/1781737852,veyru/1780480309,0.0,replace_learned,18,field_observer,tool?,False,none,none,,
veyru/1781737852,veyru/1780480309,0.0,replace_learned,22,field_observer,no. how?,False,none,none,,
veyru/1781737894,veyru/1780480309,0.0,replace_learned,16,field_observer,Failed. What is Bk?,True,part,face,False,True
veyru/1781737894,veyru/1780480309,0.0,replace_learned,22,field_observer,1 lamp only. Order?,False,none,none,,
veyru/1781737965,veyru/1780480309,0.0,replace_learned,16,field_observer,Bk=?,True,part,face,False,True
veyru/1781737965,veyru/1780480309,0.0,replace_learned,16,field_observer,which tool?,False,none,none,,
veyru/1781737965,veyru/1780480309,0.0,replace_learned,21,field_observer,Fail. Which two?,False,none,none,,
veyru/1781720602,veyru/1780598092,10.0,replace_learned,21,stabilization_engineer,cue?,False,none,none,,
veyru/1781720602,veyru/1780598092,10.0,replace_learned,25,stabilization_engineer,cue?,False,none,none,,
veyru/1781720606,veyru/1780598092,10.0,replace_learned,20,stabilization_engineer,send symptom cue,False,none,none,,
veyru/1781720606,veyru/1780598092,10.0,replace_learned,22,stabilization_engineer,symptom cue,False,none,none,,
veyru/1781720606,veyru/1780598092,10.0,replace_learned,23,stabilization_engineer,symptom cue,False,none,none,,
veyru/1781724147,veyru/1780598092,5.0,replace_learned,19,stabilization_engineer,cue?,False,none,none,,
veyru/1781724147,veyru/1780598092,5.0,replace_learned,19,stabilization_engineer,new cue?,False,none,none,,
veyru/1781724147,veyru/1780598092,5.0,replace_learned,22,stabilization_engineer,cue?,False,none,none,,
veyru/1781724147,veyru/1780598092,5.0,replace_learned,22,stabilization_engineer,new cue?,False,none,none,,
veyru/1781724159,veyru/1780598092,5.0,replace_learned,17,field_observer,instr?,False,none,none,,
veyru/1781724159,veyru/1780598092,5.0,replace_learned,17,stabilization_engineer,need symptom,False,none,none,,
veyru/1781724159,veyru/1780598092,5.0,replace_learned,19,stabilization_engineer,symptom,False,none,none,,
veyru/1781724159,veyru/1780598092,5.0,replace_learned,25,stabilization_engineer,symptom,False,none,none,,
veyru/1781731844,veyru/1780598092,1.0,replace_learned,17,stabilization_engineer,cue?,False,none,none,,
veyru/1781731844,veyru/1780598092,1.0,replace_learned,19,stabilization_engineer,cue?,False,none,none,,
veyru/1781731844,veyru/1780598092,1.0,replace_learned,22,stabilization_engineer,cue?,False,none,none,,
veyru/1781731844,veyru/1780598092,1.0,replace_learned,25,stabilization_engineer,cue?,False,none,none,,
veyru/1781731870,veyru/1780598092,1.0,replace_learned,17,stabilization_engineer,cue?,False,none,none,,
veyru/1781731870,veyru/1780598092,1.0,replace_learned,18,field_observer,q20?,True,part,duration,False,True
veyru/1781731870,veyru/1780598092,1.0,replace_learned,19,stabilization_engineer,cue?,False,none,none,,
veyru/1781731870,veyru/1780598092,1.0,replace_learned,22,field_observer,1 lamp?,False,none,none,,
veyru/1781731870,veyru/1780598092,1.0,replace_learned,22,stabilization_engineer,cue?,False,none,none,,
veyru/1781737575,veyru/1780598092,0.0,replace_learned,16,field_observer,No change. Next?,False,none,none,,
veyru/1781737575,veyru/1780598092,0.0,replace_learned,18,field_observer,q20?,True,part,duration,False,True
veyru/1781737575,veyru/1780598092,0.0,replace_learned,18,stabilization_engineer,symptoms?,False,none,none,,
veyru/1781737575,veyru/1780598092,0.0,replace_learned,20,stabilization_engineer,same symptoms?,False,none,none,,
veyru/1781737575,veyru/1780598092,0.0,replace_learned,22,field_observer,simul?,False,none,none,,
veyru/1781737575,veyru/1780598092,0.0,replace_learned,23,stabilization_engineer,symptoms?,False,none,none,,
veyru/1781737639,veyru/1780598092,0.0,replace_learned,15,field_observer,Did that; ineffective. Next?,False,none,none,,
veyru/1781737639,veyru/1780598092,0.0,replace_learned,18,field_observer,No effect. Next?,False,none,none,,
veyru/1781737639,veyru/1780598092,0.0,replace_learned,18,stabilization_engineer,cue?,False,none,none,,
veyru/1781737639,veyru/1780598092,0.0,replace_learned,23,stabilization_engineer,cue?,False,none,none,,
veyru/1781715284,veyru/1780598097,10.0,replace_learned,15,field_observer,P1?,True,part,template,False,False
veyru/1781715284,veyru/1780598097,10.0,replace_learned,16,stabilization_engineer,symptoms?,False,none,none,,
veyru/1781715284,veyru/1780598097,10.0,replace_learned,16,field_observer,P14?,True,part,template,False,False
veyru/1781715284,veyru/1780598097,10.0,replace_learned,17,stabilization_engineer,sym?,False,none,none,,
veyru/1781715284,veyru/1780598097,10.0,replace_learned,17,field_observer,full,True,whole,other,False,True
veyru/1781715284,veyru/1780598097,10.0,replace_learned,17,stabilization_engineer,sym?,False,none,none,,
veyru/1781715284,veyru/1780598097,10.0,replace_learned,18,field_observer,full,True,whole,other,False,True
veyru/1781715284,veyru/1780598097,10.0,replace_learned,18,stabilization_engineer,sym?,False,none,none,,
veyru/1781715284,veyru/1780598097,10.0,replace_learned,22,field_observer,P7?,True,part,template,False,False
veyru/1781716576,veyru/1780598097,10.0,replace_learned,17,field_observer,full,True,whole,other,False,True
veyru/1781716576,veyru/1780598097,10.0,replace_learned,17,stabilization_engineer,symptoms?,False,none,none,,
veyru/1781716576,veyru/1780598097,10.0,replace_learned,18,field_observer,full,True,whole,other,False,True
veyru/1781716576,veyru/1780598097,10.0,replace_learned,18,field_observer,full,True,whole,other,False,True
veyru/1781716576,veyru/1780598097,10.0,replace_learned,18,stabilization_engineer,same?,False,none,none,,
veyru/1781716576,veyru/1780598097,10.0,replace_learned,18,stabilization_engineer,repeat P2,False,none,none,,
veyru/1781716576,veyru/1780598097,10.0,replace_learned,18,stabilization_engineer,symptoms?,False,none,none,,
veyru/1781716576,veyru/1780598097,10.0,replace_learned,18,field_observer,same full,True,part,motif_symptom,False,True
veyru/1781716576,veyru/1780598097,10.0,replace_learned,18,stabilization_engineer,4 signs?,False,none,none,,
veyru/1781716576,veyru/1780598097,10.0,replace_learned,22,field_observer,P7?,True,part,template,False,False
veyru/1781716576,veyru/1780598097,10.0,replace_learned,23,field_observer,P14?,True,part,template,False,False
veyru/1781716946,veyru/1780598097,10.0,replace_learned,16,field_observer,full,True,whole,other,False,True
veyru/1781716946,veyru/1780598097,10.0,replace_learned,18,field_observer,full,True,whole,other,False,True
veyru/1781716946,veyru/1780598097,10.0,replace_learned,19,stabilization_engineer,symptoms?,False,none,none,,
veyru/1781716946,veyru/1780598097,10.0,replace_learned,22,field_observer,full,True,whole,other,False,True
veyru/1781716946,veyru/1780598097,10.0,replace_learned,23,stabilization_engineer,symptoms?,False,none,none,,
veyru/1781724216,veyru/1780598097,5.0,replace_learned,16,field_observer,P11?,True,part,template,False,False
veyru/1781724216,veyru/1780598097,5.0,replace_learned,22,field_observer,P7?,True,part,template,False,False
veyru/1781724216,veyru/1780598097,5.0,replace_learned,23,field_observer,P14?,True,part,template,False,False
veyru/1781724216,veyru/1780598097,5.0,replace_learned,25,field_observer,P9?,True,part,template,False,False
veyru/1781724343,veyru/1780598097,5.0,replace_learned,15,field_observer,P6?,True,part,template,False,False
veyru/1781724343,veyru/1780598097,5.0,replace_learned,17,field_observer,P10?,True,part,template,False,False
veyru/1781724343,veyru/1780598097,5.0,replace_learned,17,field_observer,P3?,True,part,template,False,False
veyru/1781724343,veyru/1780598097,5.0,replace_learned,18,field_observer,P5?,True,part,template,False,False
veyru/1781724343,veyru/1780598097,5.0,replace_learned,18,stabilization_engineer,motif?,False,none,none,,
veyru/1781724343,veyru/1780598097,5.0,replace_learned,20,field_observer,P8?,True,part,template,False,False
veyru/1781724343,veyru/1780598097,5.0,replace_learned,22,field_observer,P7?,True,part,template,False,False
veyru/1781724343,veyru/1780598097,5.0,replace_learned,25,stabilization_engineer,same?,False,none,none,,
veyru/1781724362,veyru/1780598097,5.0,replace_learned,16,field_observer,full,True,whole,other,False,True
veyru/1781724362,veyru/1780598097,5.0,replace_learned,18,field_observer,full,True,whole,other,False,True
veyru/1781724362,veyru/1780598097,5.0,replace_learned,22,field_observer,full,True,whole,other,False,True
veyru/1781724362,veyru/1780598097,5.0,replace_learned,25,field_observer,full,True,whole,other,False,True
veyru/1781731904,veyru/1780598097,1.0,replace_learned,15,field_observer,P1?,True,part,template,False,False
veyru/1781731904,veyru/1780598097,1.0,replace_learned,16,field_observer,"P6 failed, explicit?",True,whole,whole_procedure,True,False
veyru/1781731904,veyru/1780598097,1.0,replace_learned,16,field_observer,P11?,True,part,template,False,False
veyru/1781731904,veyru/1780598097,1.0,replace_learned,16,field_observer,10 failed?,False,none,none,,
veyru/1781731904,veyru/1780598097,1.0,replace_learned,17,field_observer,P6?,True,part,template,False,False
veyru/1781731904,veyru/1780598097,1.0,replace_learned,18,field_observer,P2?,True,part,template,False,False
veyru/1781731904,veyru/1780598097,1.0,replace_learned,21,field_observer,P8?,True,part,template,False,False
veyru/1781731904,veyru/1780598097,1.0,replace_learned,22,field_observer,P7?,True,part,template,False,False
veyru/1781731904,veyru/1780598097,1.0,replace_learned,23,field_observer,8 failed?,False,none,none,,
veyru/1781731904,veyru/1780598097,1.0,replace_learned,23,field_observer,P14?,True,part,template,False,False
veyru/1781731923,veyru/1780598097,1.0,replace_learned,15,field_observer,P1?,True,part,template,False,False
veyru/1781731923,veyru/1780598097,1.0,replace_learned,15,field_observer,P6?,True,part,template,False,False
veyru/1781731923,veyru/1780598097,1.0,replace_learned,16,field_observer,11?,True,part,template,False,False
veyru/1781731923,veyru/1780598097,1.0,replace_learned,16,field_observer,10?,True,part,template,False,False
veyru/1781731923,veyru/1780598097,1.0,replace_learned,18,field_observer,5?,True,part,template,False,False
veyru/1781731923,veyru/1780598097,1.0,replace_learned,18,field_observer,14?,True,part,template,False,False
veyru/1781731923,veyru/1780598097,1.0,replace_learned,20,field_observer,8?,True,part,template,False,False
veyru/1781731923,veyru/1780598097,1.0,replace_learned,22,field_observer,7?,True,part,template,False,False
veyru/1781731923,veyru/1780598097,1.0,replace_learned,25,field_observer,9?,True,part,template,False,False
veyru/1781731947,veyru/1780598097,1.0,replace_learned,15,field_observer,P1 full,True,whole,whole_procedure,True,False
veyru/1781731947,veyru/1780598097,1.0,replace_learned,15,field_observer,P6 full,True,whole,whole_procedure,True,False
veyru/1781731947,veyru/1780598097,1.0,replace_learned,16,field_observer,P11 full,True,whole,whole_procedure,True,False
veyru/1781731947,veyru/1780598097,1.0,replace_learned,16,field_observer,P10 full,True,whole,whole_procedure,True,False
veyru/1781731947,veyru/1780598097,1.0,replace_learned,17,stabilization_engineer,sym?,False,none,none,,
veyru/1781731947,veyru/1780598097,1.0,replace_learned,18,field_observer,P5 full,True,whole,whole_procedure,True,False
veyru/1781731947,veyru/1780598097,1.0,replace_learned,18,field_observer,P14 full,True,whole,whole_procedure,True,False
veyru/1781731947,veyru/1780598097,1.0,replace_learned,20,field_observer,P8 full,True,whole,whole_procedure,True,False
veyru/1781731947,veyru/1780598097,1.0,replace_learned,22,field_observer,P7 full,True,whole,whole_procedure,True,False
veyru/1781731947,veyru/1780598097,1.0,replace_learned,23,stabilization_engineer,sym?,False,none,none,,
veyru/1781731947,veyru/1780598097,1.0,replace_learned,24,stabilization_engineer,sym?,False,none,none,,
veyru/1781731947,veyru/1780598097,1.0,replace_learned,25,stabilization_engineer,sym?,False,none,none,,
veyru/1781731947,veyru/1780598097,1.0,replace_learned,25,field_observer,P9?,True,part,template,False,False
veyru/1781737696,veyru/1780598097,0.0,replace_learned,15,field_observer,Plain action?,True,whole,whole_procedure,True,False
veyru/1781737697,veyru/1780598097,0.0,replace_learned,15,field_observer,Need plain action.,True,whole,whole_procedure,True,False
veyru/1781737697,veyru/1780598097,0.0,replace_learned,18,field_observer,Tool+act?,True,part,template,True,False
veyru/1781737697,veyru/1780598097,0.0,replace_learned,19,field_observer,Act?,True,part,template,False,False
veyru/1781737697,veyru/1780598097,0.0,replace_learned,20,field_observer,Act?,True,part,template,False,False
veyru/1781737697,veyru/1780598097,0.0,replace_learned,22,field_observer,Act?,True,part,template,False,False
veyru/1781737697,veyru/1780598097,0.0,replace_learned,23,field_observer,Act?,True,part,template,False,False
veyru/1781737758,veyru/1780598097,0.0,replace_learned,15,field_observer,Which tool?,False,none,none,,
veyru/1781737758,veyru/1780598097,0.0,replace_learned,18,field_observer,P2?,True,part,template,False,False
veyru/1781737758,veyru/1780598097,0.0,replace_learned,18,field_observer,P5?,True,part,template,False,False
veyru/1781737758,veyru/1780598097,0.0,replace_learned,18,field_observer,Failed. Next?,False,none,none,,
veyru/1781737758,veyru/1780598097,0.0,replace_learned,22,field_observer,1 lamp?,False,none,none,,
veyru/1781716816,veyru/1780598311,10.0,replace_learned,25,stabilization_engineer,Symptoms?,False,none,none,,
veyru/1781724388,veyru/1780598311,5.0,replace_learned,15,stabilization_engineer,Hollow?,False,none,none,,
veyru/1781724388,veyru/1780598311,5.0,replace_learned,15,stabilization_engineer,Repeat.,False,none,none,,
veyru/1781724388,veyru/1780598311,5.0,replace_learned,22,stabilization_engineer,Repeat.,False,none,none,,
veyru/1781724388,veyru/1780598311,5.0,replace_learned,25,stabilization_engineer,Codes?,False,none,none,,
veyru/1781724388,veyru/1780598311,5.0,replace_learned,25,stabilization_engineer,Plain?,True,whole,whole_procedure,True,False
veyru/1781732147,veyru/1780598311,1.0,replace_learned,19,stabilization_engineer,Symptom?,False,none,none,,
veyru/1781732147,veyru/1780598311,1.0,replace_learned,22,stabilization_engineer,Symptom?,False,none,none,,
veyru/1781732202,veyru/1780598311,1.0,replace_learned,17,field_observer,No change. Next?,False,none,none,,
veyru/1781732202,veyru/1780598311,1.0,replace_learned,18,field_observer,No change. Next?,False,none,none,,
veyru/1781732202,veyru/1780598311,1.0,replace_learned,20,field_observer,No change. Next?,False,none,none,,
veyru/1781732202,veyru/1780598311,1.0,replace_learned,21,field_observer,No change. Next?,False,none,none,,
veyru/1781732202,veyru/1780598311,1.0,replace_learned,23,field_observer,No change. Next?,False,none,none,,
veyru/1781732202,veyru/1780598311,1.0,replace_learned,24,field_observer,No change. Next?,False,none,none,,
veyru/1781732351,veyru/1780598311,1.0,replace_learned,19,stabilization_engineer,Symptoms?,False,none,none,,
veyru/1781732351,veyru/1780598311,1.0,replace_learned,25,stabilization_engineer,Symptoms?,False,none,none,,
veyru/1781737774,veyru/1780598311,0.0,replace_learned,17,field_observer,No effect. Next?,False,none,none,,
veyru/1781737832,veyru/1780598311,0.0,replace_learned,18,field_observer,Ineffective. Next?,False,none,none,,
veyru/1781737832,veyru/1780598311,0.0,replace_learned,21,field_observer,Ineffective. Next?,False,none,none,,
veyru/1781737832,veyru/1780598311,0.0,replace_learned,23,stabilization_engineer,Symptoms?,False,none,none,,
veyru/1781737883,veyru/1780598311,0.0,replace_learned,18,field_observer,Ineffective. Next?,False,none,none,,
veyru/1781737883,veyru/1780598311,0.0,replace_learned,22,stabilization_engineer,New symptoms?,False,none,none,,
veyru/1781737883,veyru/1780598311,0.0,replace_learned,22,field_observer,No new; same symptoms.,False,none,none,,
veyru/1781717256,veyru/1780598317,10.0,replace_learned,18,stabilization_engineer,R18 sx?,False,none,none,,
veyru/1781717256,veyru/1780598317,10.0,replace_learned,22,stabilization_engineer,sx?,False,none,none,,
veyru/1781717256,veyru/1780598317,10.0,replace_learned,23,field_observer,O/Bk?,True,part,template,True,False
veyru/1781725123,veyru/1780598317,5.0,replace_learned,17,stabilization_engineer,Symptoms?,False,none,none,,
veyru/1781725161,veyru/1780598317,5.0,replace_learned,19,stabilization_engineer,Current symptoms?,False,none,none,,
veyru/1781725161,veyru/1780598317,5.0,replace_learned,25,stabilization_engineer,Board against left 20; rotate face-pairs.,False,none,none,,
veyru/1781732770,veyru/1780598317,1.0,replace_learned,15,field_observer,Bsa?,True,part,template,False,False
veyru/1781732770,veyru/1780598317,1.0,replace_learned,16,field_observer,Bc?,True,part,template,False,False
veyru/1781732770,veyru/1780598317,1.0,replace_learned,17,field_observer,Pa?,True,part,template,False,False
veyru/1781732770,veyru/1780598317,1.0,replace_learned,17,stabilization_engineer,Board against front 12s; rpt pairs.,False,none,none,,
veyru/1781732770,veyru/1780598317,1.0,replace_learned,20,field_observer,Cf?,True,part,template,False,False
veyru/1781732770,veyru/1780598317,1.0,replace_learned,23,field_observer,O/Bk?,True,part,template,True,False
veyru/1781738095,veyru/1780598317,0.0,replace_learned,17,field_observer,Cc?,True,part,template,False,False
veyru/1781738095,veyru/1780598317,0.0,replace_learned,19,field_observer,O/Bk?,True,part,template,True,False
veyru/1781738095,veyru/1780598317,0.0,replace_learned,23,field_observer,O?,True,part,template,False,False
veyru/1781738095,veyru/1780598317,0.0,replace_learned,23,field_observer,Tone?,False,none,none,,
veyru/1781738095,veyru/1780598317,0.0,replace_learned,23,field_observer,Corners?,False,none,none,,
veyru/1781738095,veyru/1780598317,0.0,replace_learned,24,field_observer,15ea?,False,none,none,,
veyru/1781738347,veyru/1780598317,0.0,replace_learned,17,field_observer,Tried that. Failed. Exact face order?,False,none,none,,
veyru/1781738347,veyru/1780598317,0.0,replace_learned,17,field_observer,Pa=board press?,True,part,template,False,False
veyru/1781738347,veyru/1780598317,0.0,replace_learned,17,stabilization_engineer,Yes: board against face.,False,none,none,,
veyru/1781738347,veyru/1780598317,0.0,replace_learned,19,field_observer,Cc/Fc?,True,part,template,True,False
veyru/1781738347,veyru/1780598317,0.0,replace_learned,22,field_observer,Lamp bottom then top?,False,none,none,,
veyru/1781738347,veyru/1780598317,0.0,replace_learned,24,field_observer,O/Bk?,True,part,template,True,False
veyru/1781738467,veyru/1780598317,0.0,replace_learned,16,field_observer,Didn't work. Plain steps.,True,whole,whole_procedure,True,False
veyru/1781717486,veyru/1780598450,10.0,replace_learned,17,stabilization_engineer,Board to front 12m; repeat face-pairs.,False,none,none,,
veyru/1781717486,veyru/1780598450,10.0,replace_learned,18,stabilization_engineer,Warm stone beside left 20g; repeat each face.,False,none,none,,
veyru/1781717486,veyru/1780598450,10.0,replace_learned,19,stabilization_engineer,sym?,False,none,none,,
veyru/1781717486,veyru/1780598450,10.0,replace_learned,25,stabilization_engineer,Board to left 20m; repeat face-pairs.,False,none,none,,
veyru/1781725219,veyru/1780598450,5.0,replace_learned,16,stabilization_engineer,Board back 8g; repeat face-pairs.,False,none,none,,
veyru/1781725219,veyru/1780598450,5.0,replace_learned,18,stabilization_engineer,Warm stone beside left 20g; repeat faces.,False,none,none,,
veyru/1781725219,veyru/1780598450,5.0,replace_learned,25,stabilization_engineer,Board left 20m; repeat face-pairs.,False,none,none,,
veyru/1781725286,veyru/1780598450,5.0,replace_learned,18,stabilization_engineer,Warm stone beside left 20g; repeat each face.,False,none,none,,
veyru/1781725286,veyru/1780598450,5.0,replace_learned,25,stabilization_engineer,Board left 20m; repeat face-pairs.,False,none,none,,
veyru/1781725304,veyru/1780598450,5.0,replace_learned,16,field_observer,stone where?,False,none,none,,
veyru/1781725304,veyru/1780598450,5.0,replace_learned,17,stabilization_engineer,new sx?,False,none,none,,
veyru/1781725304,veyru/1780598450,5.0,replace_learned,20,stabilization_engineer,new sx?,False,none,none,,
veyru/1781725304,veyru/1780598450,5.0,replace_learned,20,stabilization_engineer,same sx?,False,none,none,,
veyru/1781725304,veyru/1780598450,5.0,replace_learned,24,stabilization_engineer,new sx?,False,none,none,,
veyru/1781725304,veyru/1780598450,5.0,replace_learned,24,stabilization_engineer,new sx?,False,none,none,,
veyru/1781733026,veyru/1780598450,1.0,replace_learned,15,field_observer,A?,True,part,template,False,False
veyru/1781733026,veyru/1780598450,1.0,replace_learned,18,field_observer,I?,True,part,template,False,False
veyru/1781738468,veyru/1780598450,0.0,replace_learned,15,field_observer,Tried exactly; ineffective. Next?,False,none,none,,
veyru/1781738468,veyru/1780598450,0.0,replace_learned,17,stabilization_engineer,Board to front 12m; repeat face-pairs.,False,none,none,,
veyru/1781738468,veyru/1780598450,0.0,replace_learned,25,stabilization_engineer,Board left 20m; repeat face-pairs.,False,none,none,,
veyru/1781738499,veyru/1780598450,0.0,replace_learned,17,field_observer,Unstable; new symptoms.,False,none,none,,
veyru/1781738499,veyru/1780598450,0.0,replace_learned,17,stabilization_engineer,Board to front 12m; repeat face-pairs.,False,none,none,,
veyru/1781738499,veyru/1780598450,0.0,replace_learned,17,field_observer,Clarify: 12m? which face-pairs?,True,part,param_bundle,True,True
veyru/1781717526,veyru/1780600361,10.0,replace_learned,16,stabilization_engineer,Sym?,False,none,none,,
veyru/1781717526,veyru/1780600361,10.0,replace_learned,16,stabilization_engineer,Plain?,True,whole,motif_symptom,False,False
veyru/1781717526,veyru/1780600361,10.0,replace_learned,18,field_observer,Plain?,True,whole,motif_symptom,False,False
veyru/1781717526,veyru/1780600361,10.0,replace_learned,22,field_observer,Plain?,True,whole,motif_symptom,False,False
veyru/1781717582,veyru/1780600361,10.0,replace_learned,18,field_observer,P14?,True,part,template,False,False
veyru/1781717582,veyru/1780600361,10.0,replace_learned,18,field_observer,P6?,True,part,template,False,False
veyru/1781717582,veyru/1780600361,10.0,replace_learned,19,field_observer,P6?,True,part,template,False,False
veyru/1781717582,veyru/1780600361,10.0,replace_learned,22,field_observer,P7?,True,part,template,False,False
veyru/1781717582,veyru/1780600361,10.0,replace_learned,24,field_observer,P14?,True,part,template,False,False
veyru/1781717582,veyru/1780600361,10.0,replace_learned,25,field_observer,P2?,True,part,template,False,False
veyru/1781717612,veyru/1780600361,10.0,replace_learned,16,stabilization_engineer,?,False,none,none,,
veyru/1781717612,veyru/1780600361,10.0,replace_learned,16,stabilization_engineer,sym?,False,none,none,,
veyru/1781717612,veyru/1780600361,10.0,replace_learned,17,stabilization_engineer,sym?,False,none,none,,
veyru/1781717612,veyru/1780600361,10.0,replace_learned,18,stabilization_engineer,tag?,False,none,none,,
veyru/1781717612,veyru/1780600361,10.0,replace_learned,18,field_observer,14?,True,part,template,False,False
veyru/1781717612,veyru/1780600361,10.0,replace_learned,18,stabilization_engineer,tag?,False,none,none,,
veyru/1781717612,veyru/1780600361,10.0,replace_learned,18,stabilization_engineer,sym?,False,none,none,,
veyru/1781717612,veyru/1780600361,10.0,replace_learned,22,field_observer,7?,True,part,template,False,False
veyru/1781717612,veyru/1780600361,10.0,replace_learned,22,stabilization_engineer,tag?,False,none,none,,
veyru/1781717612,veyru/1780600361,10.0,replace_learned,23,stabilization_engineer,tag?,False,none,none,,
veyru/1781717612,veyru/1780600361,10.0,replace_learned,23,field_observer,14?,True,part,template,False,False
veyru/1781717612,veyru/1780600361,10.0,replace_learned,23,stabilization_engineer,tag?,False,none,none,,
veyru/1781717612,veyru/1780600361,10.0,replace_learned,23,stabilization_engineer,?,False,none,none,,
veyru/1781717612,veyru/1780600361,10.0,replace_learned,24,field_observer,14?,True,part,template,False,False
veyru/1781717612,veyru/1780600361,10.0,replace_learned,24,stabilization_engineer,tag?,False,none,none,,
veyru/1781717612,veyru/1780600361,10.0,replace_learned,24,field_observer,Rotate what?,False,none,none,,
veyru/1781717612,veyru/1780600361,10.0,replace_learned,25,stabilization_engineer,tag?,False,none,none,,
veyru/1781717612,veyru/1780600361,10.0,replace_learned,25,stabilization_engineer,?,False,none,none,,
veyru/1781717612,veyru/1780600361,10.0,replace_learned,25,stabilization_engineer,tag?,False,none,none,,
veyru/1781717612,veyru/1780600361,10.0,replace_learned,25,field_observer,New?,False,none,none,,
veyru/1781725351,veyru/1780600361,5.0,replace_learned,15,field_observer,P6?,True,part,template,False,False
veyru/1781725351,veyru/1780600361,5.0,replace_learned,15,stabilization_engineer,tag?,False,none,none,,
veyru/1781725351,veyru/1780600361,5.0,replace_learned,15,field_observer,P8?,True,part,template,False,False
veyru/1781725351,veyru/1780600361,5.0,replace_learned,15,stabilization_engineer,tag?,False,none,none,,
veyru/1781725351,veyru/1780600361,5.0,replace_learned,15,field_observer,11?,True,part,template,False,False
veyru/1781725351,veyru/1780600361,5.0,replace_learned,16,stabilization_engineer,tag?,False,none,none,,
veyru/1781725351,veyru/1780600361,5.0,replace_learned,16,field_observer,11?,True,part,template,False,False
veyru/1781725351,veyru/1780600361,5.0,replace_learned,16,stabilization_engineer,tag?,False,none,none,,
veyru/1781725351,veyru/1780600361,5.0,replace_learned,17,field_observer,10?,True,part,template,False,False
veyru/1781725351,veyru/1780600361,5.0,replace_learned,17,field_observer,3?,True,part,template,False,False
veyru/1781725351,veyru/1780600361,5.0,replace_learned,18,field_observer,5?,True,part,template,False,False
veyru/1781725351,veyru/1780600361,5.0,replace_learned,18,field_observer,14?,True,part,template,False,False
veyru/1781725351,veyru/1780600361,5.0,replace_learned,18,stabilization_engineer,tag?,False,none,none,,
veyru/1781725351,veyru/1780600361,5.0,replace_learned,18,stabilization_engineer,tag?,False,none,none,,
veyru/1781725351,veyru/1780600361,5.0,replace_learned,19,stabilization_engineer,tag?,False,none,none,,
veyru/1781725351,veyru/1780600361,5.0,replace_learned,19,field_observer,6?,True,part,template,False,False
veyru/1781725351,veyru/1780600361,5.0,replace_learned,19,stabilization_engineer,tag?,False,none,none,,
veyru/1781725351,veyru/1780600361,5.0,replace_learned,19,stabilization_engineer,tag?,False,none,none,,
veyru/1781725351,veyru/1780600361,5.0,replace_learned,22,field_observer,7?,True,part,template,False,False
veyru/1781725351,veyru/1780600361,5.0,replace_learned,22,field_observer,simul?,False,none,none,,
veyru/1781725351,veyru/1780600361,5.0,replace_learned,24,stabilization_engineer,tag?,False,none,none,,
veyru/1781725351,veyru/1780600361,5.0,replace_learned,24,field_observer,14?,True,part,template,False,False
veyru/1781725351,veyru/1780600361,5.0,replace_learned,25,stabilization_engineer,tag?,False,none,none,,
veyru/1781725351,veyru/1780600361,5.0,replace_learned,25,field_observer,6?,True,part,template,False,False
veyru/1781725351,veyru/1780600361,5.0,replace_learned,25,stabilization_engineer,tag?,False,none,none,,
veyru/1781725351,veyru/1780600361,5.0,replace_learned,25,stabilization_engineer,tag?,False,none,none,,
veyru/1781725513,veyru/1780600361,5.0,replace_learned,16,field_observer,P11?,True,part,template,False,False
veyru/1781725513,veyru/1780600361,5.0,replace_learned,16,stabilization_engineer,Tag?,False,none,none,,
veyru/1781725513,veyru/1780600361,5.0,replace_learned,16,stabilization_engineer,Desc?,False,none,none,,
veyru/1781725513,veyru/1780600361,5.0,replace_learned,17,field_observer,m?,True,part,intensity,False,True
veyru/1781725513,veyru/1780600361,5.0,replace_learned,18,field_observer,P14?,True,part,template,False,False
veyru/1781725513,veyru/1780600361,5.0,replace_learned,22,field_observer,P7?,True,part,template,False,False
veyru/1781725513,veyru/1780600361,5.0,replace_learned,22,field_observer,Seq?,False,none,none,,
veyru/1781725513,veyru/1780600361,5.0,replace_learned,23,field_observer,P14?,True,part,template,False,False
veyru/1781725513,veyru/1780600361,5.0,replace_learned,23,field_observer,Axis?,False,none,none,,
veyru/1781725513,veyru/1780600361,5.0,replace_learned,23,stabilization_engineer,Any slow full rotation.,False,none,none,,
veyru/1781725513,veyru/1780600361,5.0,replace_learned,24,field_observer,P14?,True,part,template,False,False
veyru/1781725513,veyru/1780600361,5.0,replace_learned,25,field_observer,P2?,True,part,template,False,False
veyru/1781725600,veyru/1780600361,5.0,replace_learned,16,field_observer,P11?,True,part,template,False,False
veyru/1781725600,veyru/1780600361,5.0,replace_learned,16,stabilization_engineer,Tag?,False,none,none,,
veyru/1781725600,veyru/1780600361,5.0,replace_learned,16,field_observer,Stone by B?,False,none,none,,
veyru/1781725600,veyru/1780600361,5.0,replace_learned,16,field_observer,Full action?,True,whole,whole_procedure,True,False
veyru/1781725600,veyru/1780600361,5.0,replace_learned,18,field_observer,P14?,True,part,template,False,False
veyru/1781725600,veyru/1780600361,5.0,replace_learned,18,field_observer,Ineffective. Rotate what?,False,none,none,,
veyru/1781725600,veyru/1780600361,5.0,replace_learned,18,field_observer,All opposite pairs?,False,none,none,,
veyru/1781725600,veyru/1780600361,5.0,replace_learned,19,stabilization_engineer,Tag?,False,none,none,,
veyru/1781725600,veyru/1780600361,5.0,replace_learned,22,field_observer,P7?,True,part,template,False,False
veyru/1781725600,veyru/1780600361,5.0,replace_learned,22,field_observer,Seq or same time?,False,none,none,,
veyru/1781725600,veyru/1780600361,5.0,replace_learned,25,stabilization_engineer,Tag?,False,none,none,,
veyru/1781733247,veyru/1780600361,1.0,replace_learned,15,field_observer,clarify P1L12g,True,whole,whole_procedure,True,False
veyru/1781733247,veyru/1780600361,1.0,replace_learned,16,field_observer,spell P11B8g,True,whole,whole_procedure,True,False
veyru/1781733247,veyru/1780600361,1.0,replace_learned,16,stabilization_engineer,tag?,False,none,none,,
veyru/1781733247,veyru/1780600361,1.0,replace_learned,17,stabilization_engineer,V17 tag?,False,none,none,,
veyru/1781733247,veyru/1780600361,1.0,replace_learned,17,field_observer,spell P5,True,part,template,False,False
veyru/1781733247,veyru/1780600361,1.0,replace_learned,17,stabilization_engineer,tag?,False,none,none,,
veyru/1781733247,veyru/1780600361,1.0,replace_learned,18,field_observer,P14?,True,part,template,False,False
veyru/1781733247,veyru/1780600361,1.0,replace_learned,18,stabilization_engineer,tag?,False,none,none,,
veyru/1781733247,veyru/1780600361,1.0,replace_learned,18,stabilization_engineer,new tag?,False,none,none,,
veyru/1781733247,veyru/1780600361,1.0,replace_learned,18,stabilization_engineer,?,False,none,none,,
veyru/1781733247,veyru/1780600361,1.0,replace_learned,19,field_observer,P6?,True,part,template,False,False
veyru/1781733247,veyru/1780600361,1.0,replace_learned,19,stabilization_engineer,tag?,False,none,none,,
veyru/1781733247,veyru/1780600361,1.0,replace_learned,19,field_observer,P8?,True,part,template,False,False
veyru/1781733247,veyru/1780600361,1.0,replace_learned,19,stabilization_engineer,tag?,False,none,none,,
veyru/1781733247,veyru/1780600361,1.0,replace_learned,19,stabilization_engineer,?,False,none,none,,
veyru/1781733247,veyru/1780600361,1.0,replace_learned,19,stabilization_engineer,?,False,none,none,,
veyru/1781733247,veyru/1780600361,1.0,replace_learned,20,field_observer,P8?,True,part,template,False,False
veyru/1781733247,veyru/1780600361,1.0,replace_learned,20,stabilization_engineer,tag?,False,none,none,,
veyru/1781733247,veyru/1780600361,1.0,replace_learned,21,field_observer,P1?,True,part,template,False,False
veyru/1781733247,veyru/1780600361,1.0,replace_learned,21,stabilization_engineer,tag?,False,none,none,,
veyru/1781733247,veyru/1780600361,1.0,replace_learned,22,field_observer,P1?,True,part,template,False,False
veyru/1781733247,veyru/1780600361,1.0,replace_learned,22,stabilization_engineer,tag?,False,none,none,,
veyru/1781733247,veyru/1780600361,1.0,replace_learned,23,stabilization_engineer,?,False,none,none,,
veyru/1781733247,veyru/1780600361,1.0,replace_learned,23,stabilization_engineer,tag?,False,none,none,,
veyru/1781733247,veyru/1780600361,1.0,replace_learned,24,stabilization_engineer,BC?,True,part,other,False,False
veyru/1781733247,veyru/1780600361,1.0,replace_learned,24,field_observer,P14?,True,part,template,False,False
veyru/1781733247,veyru/1780600361,1.0,replace_learned,24,stabilization_engineer,tag?,False,none,none,,
veyru/1781733247,veyru/1780600361,1.0,replace_learned,25,field_observer,P3?,True,part,template,False,False
veyru/1781733247,veyru/1780600361,1.0,replace_learned,25,stabilization_engineer,tag?,False,none,none,,
veyru/1781733247,veyru/1780600361,1.0,replace_learned,25,stabilization_engineer,?,False,none,none,,
veyru/1781733247,veyru/1780600361,1.0,replace_learned,25,stabilization_engineer,?,False,none,none,,
veyru/1781733301,veyru/1780600361,1.0,replace_learned,15,field_observer,expand P1L12g,True,whole,whole_procedure,True,False
veyru/1781733301,veyru/1780600361,1.0,replace_learned,15,stabilization_engineer,tag?,False,none,none,,
veyru/1781733301,veyru/1780600361,1.0,replace_learned,16,field_observer,P11?,True,part,template,False,False
veyru/1781733301,veyru/1780600361,1.0,replace_learned,16,stabilization_engineer,tag?,False,none,none,,
veyru/1781733301,veyru/1780600361,1.0,replace_learned,16,field_observer,both?,False,none,none,,
veyru/1781733301,veyru/1780600361,1.0,replace_learned,16,field_observer,P7?,True,part,template,False,False
veyru/1781733301,veyru/1780600361,1.0,replace_learned,16,stabilization_engineer,tag?,False,none,none,,
veyru/1781733301,veyru/1780600361,1.0,replace_learned,18,field_observer,P5?,True,part,template,False,False
veyru/1781733301,veyru/1780600361,1.0,replace_learned,18,field_observer,P14?,True,part,template,False,False
veyru/1781733301,veyru/1780600361,1.0,replace_learned,19,field_observer,P9?,True,part,template,False,False
veyru/1781733301,veyru/1780600361,1.0,replace_learned,19,stabilization_engineer,tag?,False,none,none,,
veyru/1781733301,veyru/1780600361,1.0,replace_learned,19,field_observer,2edges?,False,none,none,,
veyru/1781733301,veyru/1780600361,1.0,replace_learned,19,stabilization_engineer,new tag?,False,none,none,,
veyru/1781733301,veyru/1780600361,1.0,replace_learned,20,field_observer,P8?,True,part,template,False,False
veyru/1781733301,veyru/1780600361,1.0,replace_learned,20,field_observer,P6?,True,part,template,False,False
veyru/1781733301,veyru/1780600361,1.0,replace_learned,20,stabilization_engineer,tag?,False,none,none,,
veyru/1781733301,veyru/1780600361,1.0,replace_learned,20,stabilization_engineer,bright/tick?,False,none,none,,
veyru/1781733301,veyru/1780600361,1.0,replace_learned,21,stabilization_engineer,tag?,False,none,none,,
veyru/1781733301,veyru/1780600361,1.0,replace_learned,21,field_observer,T?,True,part,face,False,True
veyru/1781733301,veyru/1780600361,1.0,replace_learned,22,stabilization_engineer,tag?,False,none,none,,
veyru/1781733301,veyru/1780600361,1.0,replace_learned,22,field_observer,simul?,False,none,none,,
veyru/1781733301,veyru/1780600361,1.0,replace_learned,22,field_observer,1lamp?,False,none,none,,
veyru/1781733301,veyru/1780600361,1.0,replace_learned,23,field_observer,P14?,True,part,template,False,False
veyru/1781733301,veyru/1780600361,1.0,replace_learned,24,stabilization_engineer,tag?,False,none,none,,
veyru/1781733301,veyru/1780600361,1.0,replace_learned,24,field_observer,m?,True,part,intensity,False,True
veyru/1781733301,veyru/1780600361,1.0,replace_learned,24,stabilization_engineer,tag?,False,none,none,,
veyru/1781733301,veyru/1780600361,1.0,replace_learned,24,field_observer,bright=Fr?,False,none,none,,
veyru/1781733301,veyru/1780600361,1.0,replace_learned,25,field_observer,P10?,True,part,template,False,False
veyru/1781733323,veyru/1780600361,1.0,replace_learned,15,field_observer,full?,True,whole,whole_procedure,True,False
veyru/1781733323,veyru/1780600361,1.0,replace_learned,15,stabilization_engineer,tag?,False,none,none,,
veyru/1781733323,veyru/1780600361,1.0,replace_learned,16,field_observer,full?,True,whole,whole_procedure,True,False
veyru/1781733323,veyru/1780600361,1.0,replace_learned,16,field_observer,full?,True,whole,whole_procedure,True,False
veyru/1781733323,veyru/1780600361,1.0,replace_learned,16,stabilization_engineer,tag?,False,none,none,,
veyru/1781733323,veyru/1780600361,1.0,replace_learned,16,stabilization_engineer,tag?,False,none,none,,
veyru/1781733323,veyru/1780600361,1.0,replace_learned,17,field_observer,rest?,False,none,none,,
veyru/1781733323,veyru/1780600361,1.0,replace_learned,17,field_observer,full?,True,whole,whole_procedure,True,False
veyru/1781733323,veyru/1780600361,1.0,replace_learned,17,field_observer,rest/press?,False,none,none,,
veyru/1781733323,veyru/1780600361,1.0,replace_learned,17,field_observer,full?,True,whole,whole_procedure,True,False
veyru/1781733323,veyru/1780600361,1.0,replace_learned,17,field_observer,1 lamp?,False,none,none,,
veyru/1781733323,veyru/1780600361,1.0,replace_learned,17,stabilization_engineer,tag?,False,none,none,,
veyru/1781733323,veyru/1780600361,1.0,replace_learned,19,field_observer,full?,True,whole,whole_procedure,True,False
veyru/1781733323,veyru/1780600361,1.0,replace_learned,19,stabilization_engineer,tag?,False,none,none,,
veyru/1781733323,veyru/1780600361,1.0,replace_learned,19,field_observer,full?,True,whole,whole_procedure,True,False
veyru/1781733323,veyru/1780600361,1.0,replace_learned,19,stabilization_engineer,tag?,False,none,none,,
veyru/1781733323,veyru/1780600361,1.0,replace_learned,19,stabilization_engineer,tag?,False,none,none,,
veyru/1781733323,veyru/1780600361,1.0,replace_learned,19,field_observer,5?,True,part,template,False,False
veyru/1781733323,veyru/1780600361,1.0,replace_learned,20,field_observer,8?,True,part,template,False,False
veyru/1781733323,veyru/1780600361,1.0,replace_learned,20,stabilization_engineer,tag?,False,none,none,,
veyru/1781733323,veyru/1780600361,1.0,replace_learned,20,stabilization_engineer,tag?,False,none,none,,
veyru/1781733323,veyru/1780600361,1.0,replace_learned,20,stabilization_engineer,touch?,False,none,none,,
veyru/1781733323,veyru/1780600361,1.0,replace_learned,20,stabilization_engineer,tag?,False,none,none,,
veyru/1781733323,veyru/1780600361,1.0,replace_learned,21,field_observer,8?,True,part,template,False,False
veyru/1781733323,veyru/1780600361,1.0,replace_learned,21,field_observer,press?,False,none,none,,
veyru/1781733323,veyru/1780600361,1.0,replace_learned,21,field_observer,stays?,False,none,none,,
veyru/1781733323,veyru/1780600361,1.0,replace_learned,21,field_observer,after?,False,none,none,,
veyru/1781733323,veyru/1780600361,1.0,replace_learned,21,field_observer,near/touch?,False,none,none,,
veyru/1781733323,veyru/1780600361,1.0,replace_learned,21,stabilization_engineer,tag?,False,none,none,,
veyru/1781733323,veyru/1780600361,1.0,replace_learned,22,field_observer,7?,True,part,template,False,False
veyru/1781733323,veyru/1780600361,1.0,replace_learned,22,stabilization_engineer,tag?,False,none,none,,
veyru/1781733323,veyru/1780600361,1.0,replace_learned,22,field_observer,13?,True,part,template,False,False
veyru/1781733323,veyru/1780600361,1.0,replace_learned,22,stabilization_engineer,tag?,False,none,none,,
veyru/1781733323,veyru/1780600361,1.0,replace_learned,22,stabilization_engineer,tag?,False,none,none,,
veyru/1781733323,veyru/1780600361,1.0,replace_learned,23,field_observer,9?,True,part,template,False,False
veyru/1781733323,veyru/1780600361,1.0,replace_learned,23,stabilization_engineer,tag?,False,none,none,,
veyru/1781733323,veyru/1780600361,1.0,replace_learned,23,stabilization_engineer,tag?,False,none,none,,
veyru/1781733323,veyru/1780600361,1.0,replace_learned,24,field_observer,2?,True,part,template,False,False
veyru/1781733323,veyru/1780600361,1.0,replace_learned,24,stabilization_engineer,tag?,False,none,none,,
veyru/1781733323,veyru/1780600361,1.0,replace_learned,25,field_observer,10?,True,part,template,False,False
veyru/1781733323,veyru/1780600361,1.0,replace_learned,25,field_observer,press?,False,none,none,,
veyru/1781733323,veyru/1780600361,1.0,replace_learned,25,field_observer,1?,True,part,template,False,False
veyru/1781733323,veyru/1780600361,1.0,replace_learned,25,field_observer,5r/c?,False,none,none,,
veyru/1781738506,veyru/1780600361,0.0,replace_learned,16,field_observer,?,False,none,none,,
veyru/1781738506,veyru/1780600361,0.0,replace_learned,17,field_observer,?,False,none,none,,
veyru/1781738506,veyru/1780600361,0.0,replace_learned,18,field_observer,?,False,none,none,,
veyru/1781738506,veyru/1780600361,0.0,replace_learned,19,field_observer,?,False,none,none,,
veyru/1781738506,veyru/1780600361,0.0,replace_learned,20,field_observer,?,False,none,none,,
veyru/1781738506,veyru/1780600361,0.0,replace_learned,20,field_observer,?,False,none,none,,
veyru/1781738506,veyru/1780600361,0.0,replace_learned,21,field_observer,?,False,none,none,,
veyru/1781738506,veyru/1780600361,0.0,replace_learned,22,field_observer,?,False,none,none,,
veyru/1781738506,veyru/1780600361,0.0,replace_learned,22,field_observer,1 lamp?,False,none,none,,
veyru/1781738506,veyru/1780600361,0.0,replace_learned,23,field_observer,?,False,none,none,,
veyru/1781738506,veyru/1780600361,0.0,replace_learned,24,field_observer,Fr?,True,part,face,False,True
veyru/1781738554,veyru/1780600361,0.0,replace_learned,15,field_observer,Plain?,True,whole,motif_symptom,False,False
veyru/1781738554,veyru/1780600361,0.0,replace_learned,16,field_observer,?,False,none,none,,
veyru/1781738554,veyru/1780600361,0.0,replace_learned,17,field_observer,10?,True,part,template,False,False
veyru/1781738554,veyru/1780600361,0.0,replace_learned,17,field_observer,6?,True,part,template,False,False
veyru/1781738554,veyru/1780600361,0.0,replace_learned,18,field_observer,2?,True,part,template,False,False
veyru/1781738554,veyru/1780600361,0.0,replace_learned,19,field_observer,6 how,True,part,template,False,False
veyru/1781738554,veyru/1780600361,0.0,replace_learned,20,field_observer,8 how,True,part,template,False,False
veyru/1781738554,veyru/1780600361,0.0,replace_learned,22,field_observer,7 how,True,part,template,False,False
veyru/1781738554,veyru/1780600361,0.0,replace_learned,23,field_observer,8?,True,part,template,False,False
veyru/1781738554,veyru/1780600361,0.0,replace_learned,23,field_observer,full,True,whole,whole_procedure,True,False
veyru/1781738554,veyru/1780600361,0.0,replace_learned,24,stabilization_engineer,24?,False,none,none,,
veyru/1781738554,veyru/1780600361,0.0,replace_learned,24,field_observer,13?,True,part,template,False,False
veyru/1781738554,veyru/1780600361,0.0,replace_learned,24,field_observer,full,True,whole,whole_procedure,True,False
veyru/1781738650,veyru/1780600361,0.0,replace_learned,15,field_observer,No effect. Expand P1L12g.,True,whole,whole_procedure,True,False
veyru/1781738650,veyru/1780600361,0.0,replace_learned,16,field_observer,P11?,True,part,template,False,False
veyru/1781738650,veyru/1780600361,0.0,replace_learned,17,field_observer,P10?,True,part,template,False,False
veyru/1781738650,veyru/1780600361,0.0,replace_learned,17,field_observer,P6?,True,part,template,False,False
veyru/1781738650,veyru/1780600361,0.0,replace_learned,18,field_observer,P2?,True,part,template,False,False
veyru/1781738650,veyru/1780600361,0.0,replace_learned,18,field_observer,P5?,True,part,template,False,False
veyru/1781738650,veyru/1780600361,0.0,replace_learned,19,field_observer,P6?,True,part,template,False,False
veyru/1781738650,veyru/1780600361,0.0,replace_learned,19,field_observer,simul?,False,none,none,,
veyru/1781738650,veyru/1780600361,0.0,replace_learned,20,field_observer,P8?,True,part,template,False,False
veyru/1781738650,veyru/1780600361,0.0,replace_learned,22,field_observer,P7?,True,part,template,False,False
veyru/1781738650,veyru/1780600361,0.0,replace_learned,23,field_observer,P14?,True,part,template,False,False
veyru/1781738650,veyru/1780600361,0.0,replace_learned,24,field_observer,P13?,True,part,template,False,False
veyru/1781717658,veyru/1780600649,10.0,replace_learned,18,field_observer,p14?,True,part,template,False,False
veyru/1781717658,veyru/1780600649,10.0,replace_learned,18,field_observer,p7?,True,part,template,False,False
veyru/1781717735,veyru/1780600649,10.0,replace_learned,18,field_observer,full?,True,whole,whole_procedure,True,False
veyru/1781717735,veyru/1780600649,10.0,replace_learned,18,field_observer,full?,True,whole,whole_procedure,True,False
veyru/1781717772,veyru/1780600649,10.0,replace_learned,18,field_observer,p14?,True,part,template,False,False
veyru/1781725644,veyru/1780600649,5.0,replace_learned,15,field_observer,p6?,True,part,template,False,False
veyru/1781725644,veyru/1780600649,5.0,replace_learned,15,field_observer,p8?,True,part,template,False,False
veyru/1781725644,veyru/1780600649,5.0,replace_learned,16,field_observer,p11?,True,part,template,False,False
veyru/1781725644,veyru/1780600649,5.0,replace_learned,16,field_observer,K?,True,part,face,False,True
veyru/1781725644,veyru/1780600649,5.0,replace_learned,16,field_observer,p10?,True,part,template,False,False
veyru/1781725644,veyru/1780600649,5.0,replace_learned,18,field_observer,p2?,True,part,template,False,False
veyru/1781725644,veyru/1780600649,5.0,replace_learned,18,field_observer,p5?,True,part,template,False,False
veyru/1781725644,veyru/1780600649,5.0,replace_learned,18,stabilization_engineer,Warm stone by L 20; repeat each face.,False,none,none,,
veyru/1781725644,veyru/1780600649,5.0,replace_learned,18,field_observer,p14?,True,part,template,False,False
veyru/1781725644,veyru/1780600649,5.0,replace_learned,22,field_observer,p7?,True,part,template,False,False
veyru/1781725644,veyru/1780600649,5.0,replace_learned,23,field_observer,p14?,True,part,template,False,False
veyru/1781725644,veyru/1780600649,5.0,replace_learned,24,field_observer,fan?,False,none,none,,
veyru/1781725644,veyru/1780600649,5.0,replace_learned,24,field_observer,?,False,none,none,,
veyru/1781725644,veyru/1780600649,5.0,replace_learned,25,field_observer,m?,True,part,intensity,False,True
veyru/1781725644,veyru/1780600649,5.0,replace_learned,25,field_observer,p9?,True,part,template,False,False
veyru/1781725644,veyru/1780600649,5.0,replace_learned,25,field_observer,2e?,False,none,none,,
veyru/1781725644,veyru/1780600649,5.0,replace_learned,25,field_observer,?,False,none,none,,
veyru/1781725646,veyru/1780600649,5.0,replace_learned,16,field_observer,p11?,True,part,template,False,False
veyru/1781725646,veyru/1780600649,5.0,replace_learned,18,field_observer,p14?,True,part,template,False,False
veyru/1781725646,veyru/1780600649,5.0,replace_learned,22,field_observer,p7?,True,part,template,False,False
veyru/1781725646,veyru/1780600649,5.0,replace_learned,25,field_observer,p9?,True,part,template,False,False
veyru/1781725703,veyru/1780600649,5.0,replace_learned,16,field_observer,p11?,True,part,template,False,False
veyru/1781725703,veyru/1780600649,5.0,replace_learned,16,field_observer,stone move/touch?,False,none,none,,
veyru/1781725703,veyru/1780600649,5.0,replace_learned,18,field_observer,p14?,True,part,template,False,False
veyru/1781725703,veyru/1780600649,5.0,replace_learned,25,field_observer,p9?,True,part,template,False,False
veyru/1781733386,veyru/1780600649,1.0,replace_learned,15,field_observer,p1?,True,part,template,False,False
veyru/1781733386,veyru/1780600649,1.0,replace_learned,15,field_observer,12ea?,False,none,none,,
veyru/1781733386,veyru/1780600649,1.0,replace_learned,15,field_observer,p7?,True,part,template,False,False
veyru/1781733386,veyru/1780600649,1.0,replace_learned,15,stabilization_engineer,code?,False,none,none,,
veyru/1781733386,veyru/1780600649,1.0,replace_learned,15,stabilization_engineer,3w?,False,none,none,,
veyru/1781733386,veyru/1780600649,1.0,replace_learned,16,field_observer,p11?,True,part,template,False,False
veyru/1781733386,veyru/1780600649,1.0,replace_learned,16,field_observer,K?,True,part,face,False,True
veyru/1781733386,veyru/1780600649,1.0,replace_learned,16,field_observer,p10?,True,part,template,False,False
veyru/1781733386,veyru/1780600649,1.0,replace_learned,18,field_observer,p2?,True,part,template,False,False
veyru/1781733386,veyru/1780600649,1.0,replace_learned,18,stabilization_engineer,obs?,False,none,none,,
veyru/1781733386,veyru/1780600649,1.0,replace_learned,18,field_observer,p5?,True,part,template,False,False
veyru/1781733386,veyru/1780600649,1.0,replace_learned,19,field_observer,p6?,True,part,template,False,False
veyru/1781733386,veyru/1780600649,1.0,replace_learned,19,field_observer,p1?,True,part,template,False,False
veyru/1781733386,veyru/1780600649,1.0,replace_learned,21,field_observer,p8?,True,part,template,False,False
veyru/1781733414,veyru/1780600649,1.0,replace_learned,15,field_observer,p1?,True,part,template,False,False
veyru/1781733414,veyru/1780600649,1.0,replace_learned,15,field_observer,p6?,True,part,template,False,False
veyru/1781733414,veyru/1780600649,1.0,replace_learned,15,field_observer,p8?,True,part,template,False,False
veyru/1781733414,veyru/1780600649,1.0,replace_learned,16,field_observer,p11?,True,part,template,False,False
veyru/1781733414,veyru/1780600649,1.0,replace_learned,16,field_observer,K?,True,part,face,False,True
veyru/1781733414,veyru/1780600649,1.0,replace_learned,16,field_observer,p10?,True,part,template,False,False
veyru/1781733414,veyru/1780600649,1.0,replace_learned,17,field_observer,p3?,True,part,template,False,False
veyru/1781733414,veyru/1780600649,1.0,replace_learned,18,field_observer,p5?,True,part,template,False,False
veyru/1781733414,veyru/1780600649,1.0,replace_learned,18,stabilization_engineer,code?,False,none,none,,
veyru/1781733414,veyru/1780600649,1.0,replace_learned,21,field_observer,T?,True,part,face,False,True
veyru/1781733414,veyru/1780600649,1.0,replace_learned,21,field_observer,4/12?,False,none,none,,
veyru/1781733414,veyru/1780600649,1.0,replace_learned,21,stabilization_engineer,code?,False,none,none,,
veyru/1781733414,veyru/1780600649,1.0,replace_learned,22,field_observer,p7?,True,part,template,False,False
veyru/1781733414,veyru/1780600649,1.0,replace_learned,23,field_observer,p14?,True,part,template,False,False
veyru/1781733414,veyru/1780600649,1.0,replace_learned,23,stabilization_engineer,code?,False,none,none,,
veyru/1781733414,veyru/1780600649,1.0,replace_learned,25,field_observer,p9?,True,part,template,False,False
veyru/1781733436,veyru/1780600649,1.0,replace_learned,15,field_observer,p1?,True,part,template,False,False
veyru/1781733436,veyru/1780600649,1.0,replace_learned,15,stabilization_engineer,loc+code?,False,none,none,,
veyru/1781733436,veyru/1780600649,1.0,replace_learned,15,stabilization_engineer,code?,False,none,none,,
veyru/1781733436,veyru/1780600649,1.0,replace_learned,16,field_observer,p11?,True,part,template,False,False
veyru/1781733436,veyru/1780600649,1.0,replace_learned,16,field_observer,p10?,True,part,template,False,False
veyru/1781738718,veyru/1780600649,0.0,replace_learned,15,field_observer,p1?,True,part,template,False,False
veyru/1781738718,veyru/1780600649,0.0,replace_learned,22,field_observer,how?,False,none,none,,
veyru/1781738722,veyru/1780600649,0.0,replace_learned,15,field_observer,Need plain tool/action.,True,whole,whole_procedure,True,False
veyru/1781738722,veyru/1780600649,0.0,replace_learned,16,field_observer,Ineffective. Next?,False,none,none,,
veyru/1781738722,veyru/1780600649,0.0,replace_learned,19,field_observer,Ineffective. Next?,False,none,none,,
veyru/1781738722,veyru/1780600649,0.0,replace_learned,22,stabilization_engineer,Now symptoms?,False,none,none,,
veyru/1781738775,veyru/1780600649,0.0,replace_learned,15,field_observer,Need p1 plain.,True,part,template,False,False
veyru/1781738775,veyru/1780600649,0.0,replace_learned,15,stabilization_engineer,Now loc+code.,False,none,none,,
veyru/1781738775,veyru/1780600649,0.0,replace_learned,16,field_observer,Need plain.,True,whole,whole_procedure,True,False
veyru/1781738775,veyru/1780600649,0.0,replace_learned,17,field_observer,Need plain.,True,whole,whole_procedure,True,False
veyru/1781738775,veyru/1780600649,0.0,replace_learned,18,field_observer,Plain.,True,whole,whole_procedure,True,False
veyru/1781738775,veyru/1780600649,0.0,replace_learned,19,field_observer,Plain.,True,whole,whole_procedure,True,False
veyru/1781738775,veyru/1780600649,0.0,replace_learned,19,stabilization_engineer,Same?,False,none,none,,
veyru/1781738775,veyru/1780600649,0.0,replace_learned,19,stabilization_engineer,Repeat once.,False,none,none,,
veyru/1781738775,veyru/1780600649,0.0,replace_learned,19,field_observer,Repeated once: no effect.,False,none,none,,
veyru/1781738775,veyru/1780600649,0.0,replace_learned,20,field_observer,Plain.,True,whole,whole_procedure,True,False
veyru/1781738775,veyru/1780600649,0.0,replace_learned,21,field_observer,Plain.,True,whole,whole_procedure,True,False
veyru/1781738775,veyru/1780600649,0.0,replace_learned,22,field_observer,Plain.,True,whole,whole_procedure,True,False
veyru/1781738775,veyru/1780600649,0.0,replace_learned,22,field_observer,10 each?,False,none,none,,
veyru/1781738775,veyru/1780600649,0.0,replace_learned,23,field_observer,Plain.,True,whole,whole_procedure,True,False
veyru/1781738775,veyru/1780600649,0.0,replace_learned,23,field_observer,Plain.,True,whole,whole_procedure,True,False
veyru/1781738775,veyru/1780600649,0.0,replace_learned,25,field_observer,Plain.,True,whole,whole_procedure,True,False
veyru/1781738775,veyru/1780600649,0.0,replace_learned,25,stabilization_engineer,Same?,False,none,none,,
veyru/1781715294,veyru/1780611949,10.0,replace_learned,16,field_observer,K?,True,part,template,False,False
veyru/1781715294,veyru/1780611949,10.0,replace_learned,18,field_observer,N?,True,part,template,False,False
veyru/1781715294,veyru/1780611949,10.0,replace_learned,22,field_observer,G?,True,part,template,False,False
veyru/1781715297,veyru/1780611949,10.0,replace_learned,15,stabilization_engineer,motif?,False,none,none,,
veyru/1781715297,veyru/1780611949,10.0,replace_learned,16,field_observer,K?,True,part,template,False,False
veyru/1781715297,veyru/1780611949,10.0,replace_learned,16,field_observer,K no effect; Bk?,True,part,face,False,True
veyru/1781715297,veyru/1780611949,10.0,replace_learned,16,stabilization_engineer,key?,False,none,none,,
veyru/1781715297,veyru/1780611949,10.0,replace_learned,18,field_observer,N?,True,part,template,False,False
veyru/1781715297,veyru/1780611949,10.0,replace_learned,18,field_observer,G?,True,part,template,False,False
veyru/1781715297,veyru/1780611949,10.0,replace_learned,18,field_observer,G no effect; each?,False,none,none,,
veyru/1781715297,veyru/1780611949,10.0,replace_learned,19,field_observer,exact G?,True,part,template,False,False
veyru/1781715297,veyru/1780611949,10.0,replace_learned,19,stabilization_engineer,key?,False,none,none,,
veyru/1781715297,veyru/1780611949,10.0,replace_learned,22,field_observer,G exact?,True,part,template,False,False
veyru/1781715297,veyru/1780611949,10.0,replace_learned,22,field_observer,sweep?,False,none,none,,
veyru/1781715297,veyru/1780611949,10.0,replace_learned,22,field_observer,simul?,False,none,none,,
veyru/1781715297,veyru/1780611949,10.0,replace_learned,23,field_observer,tone both?,False,none,none,,
veyru/1781715297,veyru/1780611949,10.0,replace_learned,23,field_observer,Tp?,True,part,face,False,True
veyru/1781715297,veyru/1780611949,10.0,replace_learned,25,field_observer,I?,True,part,template,False,False
veyru/1781717852,veyru/1780611949,10.0,replace_learned,15,stabilization_engineer,motif?,False,none,none,,
veyru/1781717852,veyru/1780611949,10.0,replace_learned,16,field_observer,K?,True,part,template,False,False
veyru/1781717852,veyru/1780611949,10.0,replace_learned,16,stabilization_engineer,new?,False,none,none,,
veyru/1781717852,veyru/1780611949,10.0,replace_learned,17,stabilization_engineer,motif?,False,none,none,,
veyru/1781717852,veyru/1780611949,10.0,replace_learned,18,field_observer,N?,True,part,template,False,False
veyru/1781717852,veyru/1780611949,10.0,replace_learned,18,field_observer,G?,True,part,template,False,False
veyru/1781717852,veyru/1780611949,10.0,replace_learned,25,field_observer,I?,True,part,template,False,False
veyru/1781725720,veyru/1780611949,5.0,replace_learned,16,field_observer,K?,True,part,template,False,False
veyru/1781725720,veyru/1780611949,5.0,replace_learned,16,field_observer,D?,True,part,template,False,False
veyru/1781725720,veyru/1780611949,5.0,replace_learned,18,field_observer,N?,True,part,template,False,False
veyru/1781725720,veyru/1780611949,5.0,replace_learned,22,field_observer,G?,True,part,template,False,False
veyru/1781725720,veyru/1780611949,5.0,replace_learned,25,field_observer,I?,True,part,template,False,False
veyru/1781725720,veyru/1780611949,5.0,replace_learned,25,stabilization_engineer,symptom?,False,none,none,,
veyru/1781725989,veyru/1780611949,5.0,replace_learned,15,stabilization_engineer,motif?,False,none,none,,
veyru/1781725989,veyru/1780611949,5.0,replace_learned,16,field_observer,K?,True,part,template,False,False
veyru/1781725989,veyru/1780611949,5.0,replace_learned,16,stabilization_engineer,motif?,False,none,none,,
veyru/1781725989,veyru/1780611949,5.0,replace_learned,18,field_observer,N?,True,part,template,False,False
veyru/1781725989,veyru/1780611949,5.0,replace_learned,18,stabilization_engineer,motif?,False,none,none,,
veyru/1781725989,veyru/1780611949,5.0,replace_learned,22,field_observer,G?,True,part,template,False,False
veyru/1781725989,veyru/1780611949,5.0,replace_learned,23,field_observer,N?,True,part,template,False,False
veyru/1781725989,veyru/1780611949,5.0,replace_learned,25,field_observer,I?,True,part,template,False,False
veyru/1781725989,veyru/1780611949,5.0,replace_learned,25,stabilization_engineer,motif?,False,none,none,,
veyru/1781726113,veyru/1780611949,5.0,replace_learned,16,field_observer,K?,True,part,template,False,False
veyru/1781726113,veyru/1780611949,5.0,replace_learned,18,field_observer,N?,True,part,template,False,False
veyru/1781726113,veyru/1780611949,5.0,replace_learned,18,field_observer,G?,True,part,template,False,False
veyru/1781726113,veyru/1780611949,5.0,replace_learned,22,field_observer,G?,True,part,template,False,False
veyru/1781726113,veyru/1780611949,5.0,replace_learned,22,field_observer,seq?,False,none,none,,
veyru/1781726113,veyru/1780611949,5.0,replace_learned,23,field_observer,exact?,False,none,none,,
veyru/1781726113,veyru/1780611949,5.0,replace_learned,25,field_observer,I?,True,part,template,False,False
veyru/1781726113,veyru/1780611949,5.0,replace_learned,25,stabilization_engineer,symptom?,False,none,none,,
veyru/1781733508,veyru/1780611949,1.0,replace_learned,15,field_observer,A?,True,part,template,False,False
veyru/1781733508,veyru/1780611949,1.0,replace_learned,15,field_observer,F?,True,part,template,False,False
veyru/1781733508,veyru/1780611949,1.0,replace_learned,18,field_observer,N?,True,part,template,False,False
veyru/1781733508,veyru/1780611949,1.0,replace_learned,19,stabilization_engineer,symptom?,False,none,none,,
veyru/1781733508,veyru/1780611949,1.0,replace_learned,22,stabilization_engineer,same/new?,False,none,none,,
veyru/1781733508,veyru/1780611949,1.0,replace_learned,23,stabilization_engineer,symptom?,False,none,none,,
veyru/1781733508,veyru/1780611949,1.0,replace_learned,24,stabilization_engineer,symptom?,False,none,none,,
veyru/1781733508,veyru/1780611949,1.0,replace_learned,25,stabilization_engineer,symptom?,False,none,none,,
veyru/1781733539,veyru/1780611949,1.0,replace_learned,17,stabilization_engineer,sym?,False,none,none,,
veyru/1781733539,veyru/1780611949,1.0,replace_learned,18,stabilization_engineer,all 6?,False,none,none,,
veyru/1781733539,veyru/1780611949,1.0,replace_learned,18,stabilization_engineer,sym?,False,none,none,,
veyru/1781733539,veyru/1780611949,1.0,replace_learned,20,field_observer,H?,True,part,template,False,False
veyru/1781733539,veyru/1780611949,1.0,replace_learned,21,stabilization_engineer,sym?,False,none,none,,
veyru/1781733539,veyru/1780611949,1.0,replace_learned,22,field_observer,G?,True,part,template,False,False
veyru/1781733539,veyru/1780611949,1.0,replace_learned,22,stabilization_engineer,sym?,False,none,none,,
veyru/1781733539,veyru/1780611949,1.0,replace_learned,22,field_observer,?,False,none,none,,
veyru/1781733539,veyru/1780611949,1.0,replace_learned,22,stabilization_engineer,new sym?,False,none,none,,
veyru/1781733539,veyru/1780611949,1.0,replace_learned,23,field_observer,N?,True,part,template,False,False
veyru/1781733539,veyru/1780611949,1.0,replace_learned,24,stabilization_engineer,sym?,False,none,none,,
veyru/1781733539,veyru/1780611949,1.0,replace_learned,24,stabilization_engineer,new sym?,False,none,none,,
veyru/1781733539,veyru/1780611949,1.0,replace_learned,25,field_observer,J?,True,part,template,False,False
veyru/1781733539,veyru/1780611949,1.0,replace_learned,25,stabilization_engineer,then repeat on each opposite face-pair.,False,none,none,,
veyru/1781733539,veyru/1780611949,1.0,replace_learned,25,stabilization_engineer,sym?,False,none,none,,
veyru/1781733539,veyru/1780611949,1.0,replace_learned,25,stabilization_engineer,new sym?,False,none,none,,
veyru/1781733922,veyru/1780611949,1.0,replace_learned,15,stabilization_engineer,same/new?,False,none,none,,
veyru/1781733922,veyru/1780611949,1.0,replace_learned,16,field_observer,K?,True,part,template,False,False
veyru/1781733922,veyru/1780611949,1.0,replace_learned,16,field_observer,E?,True,part,template,False,False
veyru/1781733922,veyru/1780611949,1.0,replace_learned,17,field_observer,C?,True,part,template,False,False
veyru/1781733922,veyru/1780611949,1.0,replace_learned,18,field_observer,N?,True,part,template,False,False
veyru/1781733922,veyru/1780611949,1.0,replace_learned,20,field_observer,H?,True,part,template,False,False
veyru/1781733922,veyru/1780611949,1.0,replace_learned,22,field_observer,G?,True,part,template,False,False
veyru/1781733922,veyru/1780611949,1.0,replace_learned,22,stabilization_engineer,same/new?,False,none,none,,
veyru/1781733922,veyru/1780611949,1.0,replace_learned,25,field_observer,I?,True,part,template,False,False
veyru/1781738800,veyru/1780611949,0.0,replace_learned,15,field_observer,Lf g12 failed. Exact action?,True,whole,whole_procedure,True,False
veyru/1781738812,veyru/1780611949,0.0,replace_learned,15,field_observer,Need plain tool/action.,True,whole,whole_procedure,True,False
veyru/1781738812,veyru/1780611949,0.0,replace_learned,17,field_observer,No effect. Next step?,False,none,none,,
veyru/1781738812,veyru/1780611949,0.0,replace_learned,22,field_observer,G=?,True,part,template,False,False
veyru/1781738812,veyru/1780611949,0.0,replace_learned,22,field_observer,No effect. Full?,True,whole,whole_procedure,True,False
veyru/1781738812,veyru/1780611949,0.0,replace_learned,23,field_observer,H=?,True,part,template,False,False
veyru/1781738812,veyru/1780611949,0.0,replace_learned,23,field_observer,N=?,True,part,template,False,False
veyru/1781738812,veyru/1780611949,0.0,replace_learned,25,field_observer,J=?,True,part,template,False,False
veyru/1781738997,veyru/1780611949,0.0,replace_learned,15,field_observer,Spell out?,True,whole,whole_procedure,True,False
veyru/1781738997,veyru/1780611949,0.0,replace_learned,16,field_observer,More?,False,none,none,,
veyru/1781738997,veyru/1780611949,0.0,replace_learned,16,field_observer,K=?,True,part,template,False,False
veyru/1781738997,veyru/1780611949,0.0,replace_learned,17,field_observer,J?,True,part,template,False,False
veyru/1781738997,veyru/1780611949,0.0,replace_learned,18,field_observer,wipe/drape?,False,none,none,,
veyru/1781738997,veyru/1780611949,0.0,replace_learned,19,field_observer,stone moves?,False,none,none,,
veyru/1781738997,veyru/1780611949,0.0,replace_learned,19,field_observer,cloth=wipe?,False,none,none,,
veyru/1781738997,veyru/1780611949,0.0,replace_learned,19,field_observer,fan both?,False,none,none,,
veyru/1781738997,veyru/1780611949,0.0,replace_learned,23,field_observer,under?,False,none,none,,
veyru/1781738997,veyru/1780611949,0.0,replace_learned,25,field_observer,fan each?,False,none,none,,
veyru/1781718192,veyru/1780612051,10.0,replace_learned,24,stabilization_engineer,code,False,none,none,,
veyru/1781718192,veyru/1780612051,10.0,replace_learned,24,field_observer,?,False,none,none,,
veyru/1781726348,veyru/1780612051,5.0,replace_learned,15,stabilization_engineer,code,False,none,none,,
veyru/1781726348,veyru/1780612051,5.0,replace_learned,16,stabilization_engineer,code,False,none,none,,
veyru/1781726348,veyru/1780612051,5.0,replace_learned,17,stabilization_engineer,HI/HS?,False,none,none,,
veyru/1781726348,veyru/1780612051,5.0,replace_learned,17,field_observer,P6?,True,part,template,False,False
veyru/1781726348,veyru/1780612051,5.0,replace_learned,17,field_observer,P3?,True,part,template,False,False
veyru/1781726348,veyru/1780612051,5.0,replace_learned,18,field_observer,P5?,True,part,template,False,False
veyru/1781726348,veyru/1780612051,5.0,replace_learned,20,field_observer,P8?,True,part,template,False,False
veyru/1781726348,veyru/1780612051,5.0,replace_learned,22,field_observer,P7?,True,part,template,False,False
veyru/1781726348,veyru/1780612051,5.0,replace_learned,22,field_observer,lamp?,True,part,other,False,True
veyru/1781726348,veyru/1780612051,5.0,replace_learned,22,field_observer,1 lamp?,False,none,none,,
veyru/1781726348,veyru/1780612051,5.0,replace_learned,22,field_observer,P4?,True,part,template,False,False
veyru/1781726348,veyru/1780612051,5.0,replace_learned,22,stabilization_engineer,code,False,none,none,,
veyru/1781726348,veyru/1780612051,5.0,replace_learned,22,stabilization_engineer,code,False,none,none,,
veyru/1781726348,veyru/1780612051,5.0,replace_learned,24,stabilization_engineer,code,False,none,none,,
veyru/1781726421,veyru/1780612051,5.0,replace_learned,16,field_observer,P11?,True,part,template,False,False
veyru/1781726421,veyru/1780612051,5.0,replace_learned,22,field_observer,P7?,True,part,template,False,False
veyru/1781726421,veyru/1780612051,5.0,replace_learned,22,field_observer,P4?,True,part,template,False,False
veyru/1781726421,veyru/1780612051,5.0,replace_learned,25,stabilization_engineer,code?,False,none,none,,
veyru/1781726607,veyru/1780612051,5.0,replace_learned,16,field_observer,P11?,True,part,template,False,False
veyru/1781726607,veyru/1780612051,5.0,replace_learned,17,stabilization_engineer,code,False,none,none,,
veyru/1781726607,veyru/1780612051,5.0,replace_learned,19,field_observer,P7?,True,part,template,False,False
veyru/1781726607,veyru/1780612051,5.0,replace_learned,22,field_observer,P7?,True,part,template,False,False
veyru/1781734214,veyru/1780612051,1.0,replace_learned,16,field_observer,full?,True,whole,whole_procedure,True,False
veyru/1781734214,veyru/1780612051,1.0,replace_learned,16,stabilization_engineer,cue?,False,none,none,,
veyru/1781734214,veyru/1780612051,1.0,replace_learned,16,field_observer,P11 full?,True,whole,whole_procedure,True,False
veyru/1781734214,veyru/1780612051,1.0,replace_learned,18,field_observer,P5 full?,True,whole,whole_procedure,True,False
veyru/1781734214,veyru/1780612051,1.0,replace_learned,20,field_observer,P8 full?,True,whole,whole_procedure,True,False
veyru/1781734214,veyru/1780612051,1.0,replace_learned,22,field_observer,P7 full?,True,whole,whole_procedure,True,False
veyru/1781734232,veyru/1780612051,1.0,replace_learned,18,field_observer,Spell P5.,True,part,template,False,False
veyru/1781734232,veyru/1780612051,1.0,replace_learned,20,field_observer,Spell P8.,True,part,template,False,False
veyru/1781734232,veyru/1780612051,1.0,replace_learned,22,field_observer,Spell P7.,True,part,template,False,False
veyru/1781734315,veyru/1780612051,1.0,replace_learned,16,field_observer,full?,True,whole,whole_procedure,True,False
veyru/1781734315,veyru/1780612051,1.0,replace_learned,18,field_observer,full?,True,whole,whole_procedure,True,False
veyru/1781734315,veyru/1780612051,1.0,replace_learned,18,field_observer,tool?,False,none,none,,
veyru/1781734315,veyru/1780612051,1.0,replace_learned,19,field_observer,tool?,False,none,none,,
veyru/1781734315,veyru/1780612051,1.0,replace_learned,20,field_observer,tool?,False,none,none,,
veyru/1781734315,veyru/1780612051,1.0,replace_learned,20,field_observer,full?,True,whole,whole_procedure,True,False
veyru/1781734315,veyru/1780612051,1.0,replace_learned,22,field_observer,tool?,False,none,none,,
veyru/1781734315,veyru/1780612051,1.0,replace_learned,22,field_observer,full?,True,whole,whole_procedure,True,False
veyru/1781739295,veyru/1780612051,0.0,replace_learned,15,field_observer,Need plain tool/action.,True,whole,whole_procedure,True,False
veyru/1781739295,veyru/1780612051,0.0,replace_learned,17,field_observer,No change. Next code.,False,none,none,,
veyru/1781739295,veyru/1780612051,0.0,replace_learned,17,field_observer,P10 action?,True,part,template,False,False
veyru/1781739295,veyru/1780612051,0.0,replace_learned,17,field_observer,P6?,True,part,template,False,False
veyru/1781739295,veyru/1780612051,0.0,replace_learned,18,field_observer,No change. Code.,False,none,none,,
veyru/1781739295,veyru/1780612051,0.0,replace_learned,18,field_observer,Same code failed.,False,none,none,,
veyru/1781739295,veyru/1780612051,0.0,replace_learned,18,field_observer,P5?,True,part,template,False,False
veyru/1781739295,veyru/1780612051,0.0,replace_learned,19,field_observer,No change. Code.,False,none,none,,
veyru/1781739295,veyru/1780612051,0.0,replace_learned,19,field_observer,P6 map?,True,part,template,False,False
veyru/1781739295,veyru/1780612051,0.0,replace_learned,19,field_observer,P7?,True,part,template,False,False
veyru/1781739295,veyru/1780612051,0.0,replace_learned,20,field_observer,P8?,True,part,template,False,False
veyru/1781739295,veyru/1780612051,0.0,replace_learned,20,field_observer,Same code failed.,False,none,none,,
veyru/1781739295,veyru/1780612051,0.0,replace_learned,20,field_observer,No change. New code.,False,none,none,,
veyru/1781739295,veyru/1780612051,0.0,replace_learned,20,field_observer,P11?,True,part,template,False,False
veyru/1781739295,veyru/1780612051,0.0,replace_learned,21,field_observer,No change. Code.,False,none,none,,
veyru/1781739295,veyru/1780612051,0.0,replace_learned,22,field_observer,Same code failed.,False,none,none,,
veyru/1781739295,veyru/1780612051,0.0,replace_learned,24,field_observer,No change. Code.,False,none,none,,
veyru/1781739295,veyru/1780612051,0.0,replace_learned,24,field_observer,Same code failed.,False,none,none,,
veyru/1781739402,veyru/1780612051,0.0,replace_learned,16,field_observer,Plain?,True,whole,whole_procedure,True,False
veyru/1781739402,veyru/1780612051,0.0,replace_learned,18,field_observer,Plain?,True,whole,whole_procedure,True,False
veyru/1781739402,veyru/1780612051,0.0,replace_learned,19,field_observer,Plain?,True,whole,whole_procedure,True,False
veyru/1781739402,veyru/1780612051,0.0,replace_learned,22,field_observer,1 lamp?,False,none,none,,
veyru/1781739402,veyru/1780612051,0.0,replace_learned,25,field_observer,Pairs?,False,none,none,,
veyru/1781739416,veyru/1780612051,0.0,replace_learned,16,field_observer,Still unstable; new symptoms.,False,none,none,,
veyru/1781739416,veyru/1780612051,0.0,replace_learned,16,field_observer,Need plain action.,True,whole,whole_procedure,True,False
veyru/1781739416,veyru/1780612051,0.0,replace_learned,18,field_observer,Plain.,True,whole,whole_procedure,True,False
veyru/1781739416,veyru/1780612051,0.0,replace_learned,20,field_observer,P8?,True,part,template,False,False
veyru/1781739416,veyru/1780612051,0.0,replace_learned,24,field_observer,?,False,none,none,,
veyru/1781717419,veyru/1780650332,10.0,replace_learned,16,stabilization_engineer,?,False,none,none,,
veyru/1781717419,veyru/1780650332,10.0,replace_learned,17,stabilization_engineer,HC?,True,part,motif_symptom,False,False
veyru/1781717419,veyru/1780650332,10.0,replace_learned,22,field_observer,fail again,False,none,none,,
veyru/1781717479,veyru/1780650332,10.0,replace_learned,15,stabilization_engineer,SD?,True,part,motif_symptom,False,False
veyru/1781717479,veyru/1780650332,10.0,replace_learned,16,stabilization_engineer,OB?,True,part,motif_symptom,False,False
veyru/1781717479,veyru/1780650332,10.0,replace_learned,17,stabilization_engineer,HC?,True,part,motif_symptom,False,False
veyru/1781717479,veyru/1780650332,10.0,replace_learned,18,stabilization_engineer,FL?,True,part,motif_symptom,False,False
veyru/1781717479,veyru/1780650332,10.0,replace_learned,22,stabilization_engineer,sym?,False,none,none,,
veyru/1781717479,veyru/1780650332,10.0,replace_learned,23,stabilization_engineer,sym?,False,none,none,,
veyru/1781717614,veyru/1780650332,10.0,replace_learned,15,stabilization_engineer,SS?,True,part,motif_symptom,False,False
veyru/1781717614,veyru/1780650332,10.0,replace_learned,15,stabilization_engineer,h?,False,none,none,,
veyru/1781717614,veyru/1780650332,10.0,replace_learned,16,stabilization_engineer,OL?,True,part,motif_symptom,False,False
veyru/1781717614,veyru/1780650332,10.0,replace_learned,18,stabilization_engineer,h?,False,none,none,,
veyru/1781717614,veyru/1780650332,10.0,replace_learned,20,stabilization_engineer,sym?,False,none,none,,
veyru/1781717614,veyru/1780650332,10.0,replace_learned,22,stabilization_engineer,sym?,False,none,none,,
veyru/1781724577,veyru/1780650332,5.0,replace_learned,17,stabilization_engineer,HC=HI?,True,part,motif_symptom,False,False
veyru/1781724577,veyru/1780650332,5.0,replace_learned,18,stabilization_engineer,CH=AC?,True,part,motif_symptom,False,False
veyru/1781724577,veyru/1780650332,5.0,replace_learned,19,stabilization_engineer,loc?,False,none,none,,
veyru/1781724577,veyru/1780650332,5.0,replace_learned,21,stabilization_engineer,HD=?,True,part,motif_symptom,False,False
veyru/1781724577,veyru/1780650332,5.0,replace_learned,24,stabilization_engineer,OV=?,True,part,motif_symptom,False,False
veyru/1781724812,veyru/1780650332,5.0,replace_learned,16,stabilization_engineer,?,False,none,none,,
veyru/1781724812,veyru/1780650332,5.0,replace_learned,17,stabilization_engineer,?,False,none,none,,
veyru/1781724812,veyru/1780650332,5.0,replace_learned,17,stabilization_engineer,?,False,none,none,,
veyru/1781725116,veyru/1780650332,5.0,replace_learned,16,stabilization_engineer,OL?,True,part,motif_symptom,False,False
veyru/1781725116,veyru/1780650332,5.0,replace_learned,17,stabilization_engineer,HC?,True,part,motif_symptom,False,False
veyru/1781725116,veyru/1780650332,5.0,replace_learned,18,stabilization_engineer,FL?,True,part,motif_symptom,False,False
veyru/1781725116,veyru/1780650332,5.0,replace_learned,20,stabilization_engineer,h?,False,none,none,,
veyru/1781725116,veyru/1780650332,5.0,replace_learned,20,field_observer,?,False,none,none,,
veyru/1781725116,veyru/1780650332,5.0,replace_learned,20,stabilization_engineer,sym?,False,none,none,,
veyru/1781725116,veyru/1780650332,5.0,replace_learned,23,stabilization_engineer,sym?,False,none,none,,
veyru/1781732281,veyru/1780650332,1.0,replace_learned,17,stabilization_engineer,sym?,False,none,none,,
veyru/1781732281,veyru/1780650332,1.0,replace_learned,18,stabilization_engineer,sym?,False,none,none,,
veyru/1781732281,veyru/1780650332,1.0,replace_learned,21,stabilization_engineer,no=fail or stable?,True,part,other,False,True
veyru/1781732336,veyru/1780650332,1.0,replace_learned,18,stabilization_engineer,tool err?,False,none,none,,
veyru/1781732336,veyru/1780650332,1.0,replace_learned,22,field_observer,"no, 1 lamp only?",False,none,none,,
veyru/1781732336,veyru/1780650332,1.0,replace_learned,22,stabilization_engineer,pattern?,False,none,none,,
veyru/1781732588,veyru/1780650332,1.0,replace_learned,19,field_observer,"no effect, clarify?",False,none,none,,
veyru/1781737992,veyru/1780650332,0.0,replace_learned,19,field_observer,Ineffective. Clarify?,False,none,none,,
veyru/1781737992,veyru/1780650332,0.0,replace_learned,20,stabilization_engineer,sym confirm?,False,none,none,,
veyru/1781738094,veyru/1780650332,0.0,replace_learned,19,field_observer,no. clarify?,False,none,none,,
veyru/1781738094,veyru/1780650332,0.0,replace_learned,22,field_observer,only 1 lamp. how?,False,none,none,,
veyru/1781732595,veyru/1780650845,1.0,replace_learned,17,field_observer,fail again,False,none,none,,
veyru/1781738223,veyru/1780650845,0.0,replace_learned,18,field_observer,Bell L+R 5cy 20s. Fail. Alt?,False,none,none,,
veyru/1781738223,veyru/1780650845,0.0,replace_learned,19,field_observer,"Cloth all 20s, fan L+opp 20s. Fail. Alt?",False,none,none,,
veyru/1781738223,veyru/1780650845,0.0,replace_learned,20,field_observer,"Cloth Fr 15s, bell 2x 4 edges. Fail. Alt?",False,none,none,,
veyru/1781738223,veyru/1780650845,0.0,replace_learned,21,field_observer,"Cloth T 15s firm, bell 2x 4 edges. Fail. Alt?",False,none,none,,
veyru/1781738223,veyru/1780650845,0.0,replace_learned,22,field_observer,"Dim Lp Bt+bright Lp T, 10s. Fail. Alt?",False,none,none,,
veyru/1781738223,veyru/1780650845,0.0,replace_learned,24,field_observer,Bell m Fr+opp 5x loop. Fail. Alt?,False,none,none,,
veyru/1781738285,veyru/1780650845,0.0,replace_learned,17,field_observer,Board all faces 12s each. No effect. Retry?,False,none,none,,
veyru/1781738285,veyru/1780650845,0.0,replace_learned,19,field_observer,Cloth+fan. No effect. Retry?,False,none,none,,
veyru/1781738285,veyru/1780650845,0.0,replace_learned,21,field_observer,Cloth+bell top. Fail x2. Alt?,False,none,none,,
veyru/1781738285,veyru/1780650845,0.0,replace_learned,24,field_observer,Cloth+fan all. Fail x2. Alt?,False,none,none,,
veyru/1781738303,veyru/1780650845,0.0,replace_learned,17,field_observer,Board Fr 12s each pair failed. Alt?,False,none,none,,
veyru/1781738303,veyru/1780650845,0.0,replace_learned,17,field_observer,Still no. New action?,False,none,none,,
veyru/1781738303,veyru/1780650845,0.0,replace_learned,19,field_observer,Cloth+fan L/opp failed.Alt?,False,none,none,,
veyru/1781738303,veyru/1780650845,0.0,replace_learned,19,field_observer,Retry failed.New?,False,none,none,,
veyru/1781738303,veyru/1780650845,0.0,replace_learned,20,field_observer,"V20:frozen dim,silent,cold,no response.Go?",False,none,none,,
veyru/1781738303,veyru/1780650845,0.0,replace_learned,20,field_observer,"Done.Now:all dim,faint hum,washed out.Next?",False,none,none,,
veyru/1781738303,veyru/1780650845,0.0,replace_learned,20,field_observer,"Bright corners,clicking,hot.Next?",False,none,none,,
veyru/1781738303,veyru/1780650845,0.0,replace_learned,21,field_observer,Failed.Retry?,False,none,none,,
veyru/1781738303,veyru/1780650845,0.0,replace_learned,21,field_observer,"V21:hot+dim,rumble,rough,red tint.Go?",False,none,none,,
veyru/1781738303,veyru/1780650845,0.0,replace_learned,22,field_observer,Lp dim Bt+bright T 10s failed.Retry?,False,none,none,,
veyru/1781738303,veyru/1780650845,0.0,replace_learned,23,field_observer,Failed.Alt?,False,none,none,,
veyru/1781738303,veyru/1780650845,0.0,replace_learned,24,field_observer,"V24:frozen dim,silent,cold.Go?",False,none,none,,
veyru/1781738303,veyru/1780650845,0.0,replace_learned,24,field_observer,"Done.1 face bright+vibrate,hi whine.Next?",False,none,none,,
veyru/1781738303,veyru/1780650845,0.0,replace_learned,25,field_observer,"V25:hot+dim,rumble,rough,red.Go?",False,none,none,,
veyru/1781732721,veyru/1780651882,1.0,replace_learned,16,field_observer,only 1 lamp — SIM how?,False,none,none,,
veyru/1781732721,veyru/1780651882,1.0,replace_learned,16,field_observer,did step1 SIM 8s — ineffective. step2?,False,none,none,,
veyru/1781732801,veyru/1780651882,1.0,replace_learned,21,stabilization_engineer,cue?,False,none,none,,
veyru/1781738313,veyru/1780651882,0.0,replace_learned,16,field_observer,"Done, no effect. Next?",False,none,none,,
veyru/1781738313,veyru/1780651882,0.0,replace_learned,19,field_observer,"V19: 1 face bright+vibrating, whine. ?",False,none,none,,
veyru/1781738313,veyru/1780651882,0.0,replace_learned,20,field_observer,"V20: frozen dim, silent, cold. ?",False,none,none,,
veyru/1781738313,veyru/1780651882,0.0,replace_learned,22,field_observer,no. try stone+lamp ver?,False,none,none,,
veyru/1781738313,veyru/1780651882,0.0,replace_learned,24,field_observer,"V24: frozen dim, silent, cold. ?",False,none,none,,
veyru/1781738313,veyru/1780651882,0.0,replace_learned,25,field_observer,"V25: hot dim, low rumble, gritty, reddish. ?",False,none,none,,
veyru/1781738400,veyru/1780651882,0.0,replace_learned,16,field_observer,Didn't work. Clarify?,False,none,none,,
veyru/1781738422,veyru/1780651882,0.0,replace_learned,19,field_observer,failed. clarify?,False,none,none,,
veyru/1781738422,veyru/1780651882,0.0,replace_learned,19,field_observer,fail. order?,False,none,none,,
veyru/1781738422,veyru/1780651882,0.0,replace_learned,19,field_observer,only 1 lamp?,False,none,none,,
veyru/1781738422,veyru/1780651882,0.0,replace_learned,19,field_observer,fail again,False,none,none,,
veyru/1781715299,veyru/1780652668,10.0,replace_learned,16,field_observer,fail again,False,none,none,,
veyru/1781715299,veyru/1780652668,10.0,replace_learned,24,field_observer,fail x2. How ring+rotate?,False,none,none,,
veyru/1781715299,veyru/1780652668,10.0,replace_learned,25,stabilization_engineer,fb = large flat rigid board? Or small panel?,True,part,template,False,True
veyru/1781725573,veyru/1780652668,5.0,replace_learned,16,field_observer,"V15: dim/faint all fc, hm:whisper. LI?",True,part,motif_symptom,False,False
veyru/1781725573,veyru/1780652668,5.0,replace_learned,16,field_observer,fail. retry?,False,none,none,,
veyru/1781725573,veyru/1780652668,5.0,replace_learned,16,field_observer,fail2. diff inst?,False,none,none,,
veyru/1781725573,veyru/1780652668,5.0,replace_learned,17,field_observer,"V17: fc norm, hol tap, dk ctr, hm:surf. Hol?",True,part,other,False,False
veyru/1781725573,veyru/1780652668,5.0,replace_learned,17,field_observer,fail. adj?,False,none,none,,
veyru/1781725573,veyru/1780652668,5.0,replace_learned,19,field_observer,V19: 1fc brt+vib+whine. Rc?,True,part,motif_symptom,False,False
veyru/1781725573,veyru/1780652668,5.0,replace_learned,23,field_observer,"V23: ed wob, fc bulge, hm muf. Df?",True,part,other,False,False
veyru/1781725655,veyru/1780652668,5.0,replace_learned,21,field_observer,Hot/dim.Hm:rumble.Surf:gritty.Li:red. Ov?,True,part,other,False,False
veyru/1781725655,veyru/1780652668,5.0,replace_learned,25,field_observer,"Hot/dim,rumble,gritty,red. Ov?",True,part,other,False,False
veyru/1781732891,veyru/1780652668,1.0,replace_learned,16,field_observer,Fail. Clarify bl+hs order/placement?,False,none,none,,
veyru/1781732891,veyru/1780652668,1.0,replace_learned,17,field_observer,Fail again. Diff action?,False,none,none,,
veyru/1781732892,veyru/1780652668,1.0,replace_learned,16,field_observer,fail. Clarify order/hs?,True,part,other,True,False
veyru/1781732892,veyru/1780652668,1.0,replace_learned,16,stabilization_engineer,hs=set stone next to Veyru 8s. Repeat bl+hs.,False,none,none,,
veyru/1781732892,veyru/1780652668,1.0,replace_learned,16,field_observer,fail again. hs+bl same time?,False,none,none,,
veyru/1781732892,veyru/1780652668,1.0,replace_learned,16,field_observer,fail 3x. Diff tool?,False,none,none,,
veyru/1781732892,veyru/1780652668,1.0,replace_learned,17,field_observer,fail. opp pair sim ok?,False,none,none,,
veyru/1781732892,veyru/1780652668,1.0,replace_learned,18,field_observer,"ok. 2cr bright, tick, hot. R16 sym.",False,none,none,,
veyru/1781732892,veyru/1780652668,1.0,replace_learned,19,field_observer,fail x3. diff fc?,False,none,none,,
veyru/1781732892,veyru/1780652668,1.0,replace_learned,23,field_observer,fail. rot+tone unclear.,True,part,other,True,True
veyru/1781732892,veyru/1780652668,1.0,replace_learned,24,field_observer,fail x2. Cool cl ok? Alt fc order?,False,none,none,,
veyru/1781732967,veyru/1780652668,1.0,replace_learned,16,field_observer,fail. retry?,False,none,none,,
veyru/1781732967,veyru/1780652668,1.0,replace_learned,16,field_observer,fail again. diff action?,False,none,none,,
veyru/1781732967,veyru/1780652668,1.0,replace_learned,17,field_observer,fail. bl ring or just hold?,True,part,other,False,False
veyru/1781732967,veyru/1780652668,1.0,replace_learned,17,field_observer,fail. clarify fb/F?,True,part,other,True,True
veyru/1781732967,veyru/1780652668,1.0,replace_learned,21,field_observer,fail again,False,none,none,,
veyru/1781738482,veyru/1780652668,0.0,replace_learned,17,field_observer,FB all 6 faces 12s mod: no effect. Next?,False,none,none,,
veyru/1781738482,veyru/1780652668,0.0,replace_learned,18,field_observer,Bell L/R alt 5x 20s: fail. Next?,False,none,none,,
veyru/1781738482,veyru/1780652668,0.0,replace_learned,19,field_observer,Cloth 20s + fan L/R 20s: fail. Next?,False,none,none,,
veyru/1781738482,veyru/1780652668,0.0,replace_learned,20,field_observer,"V20: frozen dim, silent, cold. Orders?",False,none,none,,
veyru/1781738482,veyru/1780652668,0.0,replace_learned,21,field_observer,Still fail. Different face/tool?,False,none,none,,
veyru/1781738482,veyru/1780652668,0.0,replace_learned,23,field_observer,fail again.,False,none,none,,
veyru/1781738482,veyru/1780652668,0.0,replace_learned,24,field_observer,"V24: frozen dim, silent, cold. Orders?",False,none,none,,
veyru/1781738482,veyru/1780652668,0.0,replace_learned,24,stabilization_engineer,"bl F+B opp, alt 15s pause, 5x, mod. Ph2=code!",False,none,none,,
veyru/1781738482,veyru/1780652668,0.0,replace_learned,24,field_observer,"Ph2: 1face bright+vib, whine, rest norm. Cmd?",False,none,none,,
veyru/1781738519,veyru/1780652668,0.0,replace_learned,18,stabilization_engineer,hs/L gentle 20s. Repeat each face.,False,none,none,,
veyru/1781715289,veyru/1780652734,10.0,replace_learned,17,stabilization_engineer,pair?,False,none,none,,
veyru/1781715289,veyru/1780652734,10.0,replace_learned,22,field_observer,x 1lamp?,False,none,none,,
veyru/1781715289,veyru/1780652734,10.0,replace_learned,25,stabilization_engineer,??resymp,False,none,none,,
veyru/1781715306,veyru/1780652734,10.0,replace_learned,16,stabilization_engineer,??,False,none,none,,
veyru/1781715306,veyru/1780652734,10.0,replace_learned,17,stabilization_engineer,??,False,none,none,,
veyru/1781715306,veyru/1780652734,10.0,replace_learned,24,stabilization_engineer,??,False,none,none,,
veyru/1781717999,veyru/1780652734,10.0,replace_learned,17,stabilization_engineer,pair?,False,none,none,,
veyru/1781717999,veyru/1780652734,10.0,replace_learned,25,stabilization_engineer,??,False,none,none,,
veyru/1781717999,veyru/1780652734,10.0,replace_learned,25,field_observer,sym same: hot dim rumb grit red,False,none,none,,
veyru/1781725766,veyru/1780652734,5.0,replace_learned,16,field_observer,x sC?,True,part,template,False,False
veyru/1781725766,veyru/1780652734,5.0,replace_learned,17,field_observer,x ccV?,True,part,template,True,True
veyru/1781725766,veyru/1780652734,5.0,replace_learned,22,field_observer,x 1lamp?,False,none,none,,
veyru/1781725998,veyru/1780652734,5.0,replace_learned,16,stabilization_engineer,??,False,none,none,,
veyru/1781725998,veyru/1780652734,5.0,replace_learned,22,stabilization_engineer,??,False,none,none,,
veyru/1781726114,veyru/1780652734,5.0,replace_learned,16,field_observer,Cbrt clk hot ?,False,none,none,,
veyru/1781726114,veyru/1780652734,5.0,replace_learned,16,field_observer,Cbrt vib whine ?,False,none,none,,
veyru/1781726114,veyru/1780652734,5.0,replace_learned,18,field_observer,x x ?,False,none,none,,
veyru/1781726114,veyru/1780652734,5.0,replace_learned,20,field_observer,whF?,False,none,none,,
veyru/1781733020,veyru/1780652734,1.0,replace_learned,17,field_observer,fail clr?,True,whole,whole_procedure,True,True
veyru/1781733020,veyru/1780652734,1.0,replace_learned,17,field_observer,no. step?,True,whole,whole_procedure,True,True
veyru/1781733020,veyru/1780652734,1.0,replace_learned,17,field_observer,no.tool?,False,none,none,,
veyru/1781733020,veyru/1780652734,1.0,replace_learned,18,field_observer,no.again?,False,none,none,,
veyru/1781733020,veyru/1780652734,1.0,replace_learned,19,stabilization_engineer,??,False,none,none,,
veyru/1781733020,veyru/1780652734,1.0,replace_learned,19,field_observer,fail. now?,False,none,none,,
veyru/1781733020,veyru/1780652734,1.0,replace_learned,19,stabilization_engineer,describe symptom again,False,none,none,,
veyru/1781733020,veyru/1780652734,1.0,replace_learned,19,stabilization_engineer,which face is bright?,False,none,none,,
veyru/1781733020,veyru/1780652734,1.0,replace_learned,23,stabilization_engineer,why fail?,False,none,none,,
veyru/1781733020,veyru/1780652734,1.0,replace_learned,23,field_observer,tool wrong?,False,none,none,,
veyru/1781733025,veyru/1780652734,1.0,replace_learned,16,field_observer,??,False,none,none,,
veyru/1781733025,veyru/1780652734,1.0,replace_learned,17,field_observer,ccV=?,True,part,template,True,True
veyru/1781733025,veyru/1780652734,1.0,replace_learned,18,field_observer,?,False,none,none,,
veyru/1781733025,veyru/1780652734,1.0,replace_learned,19,field_observer,sim6=?,True,part,template,True,True
veyru/1781733025,veyru/1780652734,1.0,replace_learned,22,field_observer,1lmp?,False,none,none,,
veyru/1781733052,veyru/1780652734,1.0,replace_learned,18,field_observer,fail clarify,True,whole,whole_procedure,True,True
veyru/1781738617,veyru/1780652734,0.0,replace_learned,16,field_observer,"Failed. Clarify ""s beside 8""?",True,part,other,True,False
veyru/1781738617,veyru/1780652734,0.0,replace_learned,16,field_observer,Still failed. Order? Stone first?,False,none,none,,
veyru/1781738617,veyru/1780652734,0.0,replace_learned,17,field_observer,"V17: hollow tap, dark core, thin hum. Rx?",False,none,none,,
veyru/1781738617,veyru/1780652734,0.0,replace_learned,17,field_observer,Fail. F=front? mod=moderate press?,True,part,param_bundle,True,True
veyru/1781738617,veyru/1780652734,0.0,replace_learned,17,field_observer,Still fail. Specific face order?,False,none,none,,
veyru/1781738617,veyru/1780652734,0.0,replace_learned,17,field_observer,No. Other tool too?,False,none,none,,
veyru/1781738617,veyru/1780652734,0.0,replace_learned,19,field_observer,"V19: 1 face bright, vibrates, whine. Rx?",False,none,none,,
veyru/1781738617,veyru/1780652734,0.0,replace_learned,19,field_observer,Fail. Tone tool=bell?,True,part,template,False,True
veyru/1781738617,veyru/1780652734,0.0,replace_learned,20,field_observer,"V20: frozen dim, silent, cold. Rx?",False,none,none,,
veyru/1781738617,veyru/1780652734,0.0,replace_learned,21,field_observer,Fail again.,False,none,none,,
veyru/1781738617,veyru/1780652734,0.0,replace_learned,21,stabilization_engineer,Re-inspect symptoms?,False,none,none,,
veyru/1781738617,veyru/1780652734,0.0,replace_learned,22,field_observer,"V22: chaotic flicker, broken hum. Rx?",False,none,none,,
veyru/1781738617,veyru/1780652734,0.0,replace_learned,23,field_observer,"V23: wobbly edges, bulging, muffled hum. Rx?",False,none,none,,
veyru/1781738617,veyru/1780652734,0.0,replace_learned,24,field_observer,"V24: frozen dim, silent, cold. Rx?",False,none,none,,
veyru/1781738617,veyru/1780652734,0.0,replace_learned,25,field_observer,V25: hot dim red rumble gritty. Rx?,False,none,none,,
veyru/1781738643,veyru/1780652734,0.0,replace_learned,16,field_observer,no effect. clarify b? s? 8=sec?,True,part,other,True,True
veyru/1781738643,veyru/1780652734,0.0,replace_learned,17,field_observer,still no. face order? Bk→?,False,none,none,,
veyru/1781738643,veyru/1780652734,0.0,replace_learned,17,field_observer,no. board both sides at once?,False,none,none,,
veyru/1781738643,veyru/1780652734,0.0,replace_learned,19,stabilization_engineer,which face is bright?,False,none,none,,
veyru/1781738643,veyru/1780652734,0.0,replace_learned,20,stabilization_engineer,V20?,False,none,none,,
veyru/1781738643,veyru/1780652734,0.0,replace_learned,24,stabilization_engineer,V24?,False,none,none,,
veyru/1781738643,veyru/1780652734,0.0,replace_learned,25,field_observer,no. order?,False,none,none,,
veyru/1781738704,veyru/1780652734,0.0,replace_learned,16,field_observer,No effect. Clarify?,True,whole,whole_procedure,True,False
veyru/1781738704,veyru/1780652734,0.0,replace_learned,17,field_observer,No effect. Change?,False,none,none,,
veyru/1781738704,veyru/1780652734,0.0,replace_learned,19,stabilization_engineer,which face is bright?,False,none,none,,
veyru/1781718044,veyru/1780653195,10.0,replace_learned,21,field_observer,same. Alt T face?,False,none,none,,
veyru/1781733061,veyru/1780653195,1.0,replace_learned,16,field_observer,No effect. Retry?,False,none,none,,
veyru/1781733061,veyru/1780653195,1.0,replace_learned,16,field_observer,3rd attempt failed. Different action?,False,none,none,,
veyru/1781733246,veyru/1780653195,1.0,replace_learned,16,field_observer,Still fail. Try diff?,False,none,none,,
veyru/1781733246,veyru/1780653195,1.0,replace_learned,17,field_observer,Fail. Retry diff?,False,none,none,,
veyru/1781733246,veyru/1780653195,1.0,replace_learned,23,field_observer,Fail again.,False,none,none,,
veyru/1781733271,veyru/1780653195,1.0,replace_learned,18,field_observer,Fail again.,False,none,none,,
veyru/1781738749,veyru/1780653195,0.0,replace_learned,23,field_observer,"failed. ""tone""=stone or bell?",True,part,template,False,True
veyru/1781738749,veyru/1780653195,0.0,replace_learned,24,field_observer,fail. cl on bright face or all?,False,none,none,,
veyru/1781738749,veyru/1780653195,0.0,replace_learned,24,field_observer,fail. fa seq or simul?,False,none,none,,
veyru/1781738774,veyru/1780653195,0.0,replace_learned,20,field_observer,Ineffective.Retry?,False,none,none,,
veyru/1781738774,veyru/1780653195,0.0,replace_learned,22,field_observer,No effect.Alt approach?,False,none,none,,
veyru/1781738841,veyru/1780653195,0.0,replace_learned,17,field_observer,Board+rotate failed. Guidance?,False,none,none,,
veyru/1781738841,veyru/1780653195,0.0,replace_learned,17,stabilization_engineer,New Veyru 17. Report symptoms now.,False,none,none,,
veyru/1781738841,veyru/1780653195,0.0,replace_learned,18,field_observer,Bell L+opp 5x failed. Next?,False,none,none,,
veyru/1781720601,veyru/1780653639,10.0,replace_learned,15,stabilization_engineer,Unknown code. Describe briefly.,True,part,motif_symptom,False,True
veyru/1781720601,veyru/1780653639,10.0,replace_learned,16,field_observer,F again,False,none,none,,
veyru/1781720601,veyru/1780653639,10.0,replace_learned,16,stabilization_engineer,Board back face 8s gentle; repeat all pairs.,False,none,none,,
veyru/1781720601,veyru/1780653639,10.0,replace_learned,16,stabilization_engineer,Stone back face 8s; repeat all faces.,False,none,none,,
veyru/1781720603,veyru/1780653639,10.0,replace_learned,16,stabilization_engineer,Stone back gentle 8s; repeat all faces.,False,none,none,,
veyru/1781720610,veyru/1780653639,10.0,replace_learned,15,field_observer,F again,False,none,none,,
veyru/1781726412,veyru/1780653639,5.0,replace_learned,16,stabilization_engineer,Stone back face gentle 8s; repeat all.,False,none,none,,
veyru/1781726552,veyru/1780653639,5.0,replace_learned,16,stabilization_engineer,Stone back gentle 8s; repeat all faces.,False,none,none,,
veyru/1781733299,veyru/1780653639,1.0,replace_learned,20,field_observer,Still fail. Diff face?,False,none,none,,
veyru/1781733397,veyru/1780653639,1.0,replace_learned,16,stabilization_engineer,"Board back 8s, gentle, repeat pairs.",False,none,none,,
veyru/1781733418,veyru/1780653639,1.0,replace_learned,21,field_observer,"Hot+dim, rumble, gritty, red tint. Thermal?",False,none,none,,
veyru/1781738844,veyru/1780653639,0.0,replace_learned,18,stabilization_engineer,Stone left 20s gentle; repeat all.,False,none,none,,
veyru/1781738844,veyru/1780653639,0.0,replace_learned,18,field_observer,Stone+repeat ineffective. Next?,False,none,none,,
veyru/1781738844,veyru/1780653639,0.0,replace_learned,19,field_observer,Ineffective. Next?,False,none,none,,
veyru/1781738844,veyru/1780653639,0.0,replace_learned,19,field_observer,Full cloth+fan still ineffective.,False,none,none,,
veyru/1781738936,veyru/1780653639,0.0,replace_learned,23,field_observer,Fail again.,False,none,none,,
veyru/1781720600,veyru/1780654108,10.0,replace_learned,16,stabilization_engineer,more?,False,none,none,,
veyru/1781720600,veyru/1780654108,10.0,replace_learned,17,stabilization_engineer,more sym?,False,none,none,,
veyru/1781720600,veyru/1780654108,10.0,replace_learned,17,stabilization_engineer,tool call?,False,none,none,,
veyru/1781720600,veyru/1780654108,10.0,replace_learned,22,stabilization_engineer,sym?,False,none,none,,
veyru/1781720600,veyru/1780654108,10.0,replace_learned,22,stabilization_engineer,dimmable? other light src?,False,none,none,,
veyru/1781726594,veyru/1780654108,5.0,replace_learned,16,stabilization_engineer,more sym?,False,none,none,,
veyru/1781726594,veyru/1780654108,5.0,replace_learned,18,stabilization_engineer,more?,False,none,none,,
veyru/1781726594,veyru/1780654108,5.0,replace_learned,20,stabilization_engineer,more?,False,none,none,,
veyru/1781726594,veyru/1780654108,5.0,replace_learned,21,stabilization_engineer,sym?,False,none,none,,
veyru/1781726594,veyru/1780654108,5.0,replace_learned,22,stabilization_engineer,sym?,False,none,none,,
veyru/1781726594,veyru/1780654108,5.0,replace_learned,24,stabilization_engineer,sym?,False,none,none,,
veyru/1781726657,veyru/1780654108,5.0,replace_learned,16,stabilization_engineer,more?,False,none,none,,
veyru/1781726657,veyru/1780654108,5.0,replace_learned,17,stabilization_engineer,tool call?,False,none,none,,
veyru/1781726657,veyru/1780654108,5.0,replace_learned,19,field_observer,fail; which face brightest?,False,none,none,,
veyru/1781726710,veyru/1780654108,5.0,replace_learned,22,stabilization_engineer,ok=?,True,part,other,False,True
veyru/1781733616,veyru/1780654108,1.0,replace_learned,21,stabilization_engineer,symptoms?,False,none,none,,
veyru/1781733616,veyru/1780654108,1.0,replace_learned,23,stabilization_engineer,symptoms?,False,none,none,,
veyru/1781733616,veyru/1780654108,1.0,replace_learned,25,stabilization_engineer,symptoms?,False,none,none,,
veyru/1781733728,veyru/1780654108,1.0,replace_learned,16,stabilization_engineer,tool call?,False,none,none,,
veyru/1781733728,veyru/1780654108,1.0,replace_learned,17,stabilization_engineer,call text?,False,none,none,,
veyru/1781733728,veyru/1780654108,1.0,replace_learned,19,field_observer,no. voice hum?,True,part,template,False,True
veyru/1781733728,veyru/1780654108,1.0,replace_learned,21,stabilization_engineer,v21 sym?,False,none,none,,
veyru/1781739201,veyru/1780654108,0.0,replace_learned,19,field_observer,No effect. Next?,False,none,none,,
veyru/1781739258,veyru/1780654108,0.0,replace_learned,18,field_observer,Ineffective. Same symptoms.,False,none,none,,
veyru/1781739302,veyru/1780654108,0.0,replace_learned,19,field_observer,"no effect. clarify ""hum""?",True,part,template,False,True
veyru/1781739302,veyru/1780654108,0.0,replace_learned,22,field_observer,only 1 lamp. which face?,False,none,none,,
veyru/1781715292,veyru/1780654381,10.0,replace_learned,16,stabilization_engineer,bo-B g 8s; repeat ea face-pair.,False,none,none,,
veyru/1781715292,veyru/1780654381,10.0,replace_learned,17,stabilization_engineer,bo-F mod 12s; repeat ea face-pair.,False,none,none,,
veyru/1781726798,veyru/1780654381,5.0,replace_learned,21,stabilization_engineer,redgrx=therbleed? confirm or recode.,True,part,motif_symptom,False,False
veyru/1781727063,veyru/1780654381,5.0,replace_learned,25,stabilization_engineer,"bo against L 20s mod,then F 20s,then T 20s.",False,none,none,,
veyru/1781733765,veyru/1780654381,1.0,replace_learned,16,field_observer,fail again. same steps.,False,none,none,,
veyru/1781733765,veyru/1780654381,1.0,replace_learned,17,stabilization_engineer,bo against F 12s mod; rotate ea face-pair.,False,none,none,,
veyru/1781733765,veyru/1780654381,1.0,replace_learned,25,stabilization_engineer,bo against L only 20s mod. No rotation.,False,none,none,,
veyru/1781733811,veyru/1780654381,1.0,replace_learned,16,field_observer,Failed. Clarify?,True,whole,whole_procedure,True,False
veyru/1781733811,veyru/1780654381,1.0,replace_learned,16,field_observer,Still fail. Alt?,False,none,none,,
veyru/1781733811,veyru/1780654381,1.0,replace_learned,16,field_observer,3x fail. New cmd?,False,none,none,,
veyru/1781733811,veyru/1780654381,1.0,replace_learned,17,field_observer,Fail.Retry?,False,none,none,,
veyru/1781733811,veyru/1780654381,1.0,replace_learned,18,field_observer,Fail.Alt?,False,none,none,,
veyru/1781733811,veyru/1780654381,1.0,replace_learned,18,field_observer,Fail.Other?,False,none,none,,
veyru/1781733811,veyru/1780654381,1.0,replace_learned,23,stabilization_engineer,fcl-T 12s firm;be T-edges x2 again.,False,none,none,,
veyru/1781733839,veyru/1780654381,1.0,replace_learned,16,field_observer,fail. clarify?,True,whole,whole_procedure,True,False
veyru/1781733839,veyru/1780654381,1.0,replace_learned,16,field_observer,fail again,False,none,none,,
veyru/1781733839,veyru/1780654381,1.0,replace_learned,23,field_observer,fail. fcl=fan+cloth or cloth-as-fan?,True,part,template,True,False
veyru/1781739337,veyru/1780654381,0.0,replace_learned,18,field_observer,"V18: frozen dim, silent, cold. Go?",False,none,none,,
veyru/1781739337,veyru/1780654381,0.0,replace_learned,18,field_observer,"Bell L 20s+R, 5 circles failed. Clarify?",True,whole,whole_procedure,True,True
veyru/1781739337,veyru/1780654381,0.0,replace_learned,19,field_observer,Cloth+fan L+R failed.ccl=?,True,part,template,False,True
veyru/1781739337,veyru/1780654381,0.0,replace_learned,19,field_observer,Still fail.Bright face=Top.Redo?,False,none,none,,
veyru/1781739337,veyru/1780654381,0.0,replace_learned,20,field_observer,"V20:frozen,dim,silent,cold.Inst?",False,none,none,,
veyru/1781739337,veyru/1780654381,0.0,replace_learned,20,field_observer,"Done!Now:all dim,faint hum,washed out.Next?",False,none,none,,
veyru/1781739337,veyru/1780654381,0.0,replace_learned,20,field_observer,"Done!1-2 corners bright+hot,ticking.Next?",False,none,none,,
veyru/1781739337,veyru/1780654381,0.0,replace_learned,21,field_observer,"V21:hot+dim,rumble,gritty,red tint.Go?",False,none,none,,
veyru/1781739337,veyru/1780654381,0.0,replace_learned,22,field_observer,Lamp Bo+T simultaneous failed.Sequential?,False,none,none,,
veyru/1781739337,veyru/1780654381,0.0,replace_learned,22,field_observer,"Done!Light drifts,edges blur,hum wavers.Next?",False,none,none,,
veyru/1781739337,veyru/1780654381,0.0,replace_learned,23,field_observer,"V23:edges wobble,faces bulge,muffled hum.Go?",False,none,none,,
veyru/1781739337,veyru/1780654381,0.0,replace_learned,23,field_observer,"Done!Light drifts,edges blur,hum wavers.Next?",False,none,none,,
veyru/1781739337,veyru/1780654381,0.0,replace_learned,23,field_observer,Rotate+bell T/Bo failed.tone=?,True,part,template,False,True
veyru/1781739337,veyru/1780654381,0.0,replace_learned,24,field_observer,"V24:frozen,dim,silent,cold.Go?",False,none,none,,
veyru/1781739337,veyru/1780654381,0.0,replace_learned,24,field_observer,Cloth L+fan 6 faces failed.Cloth on F?,False,none,none,,
veyru/1781739337,veyru/1780654381,0.0,replace_learned,25,field_observer,"V25:hot+dim,rumble,gritty,red.Go?",False,none,none,,
veyru/1781739337,veyru/1780654381,0.0,replace_learned,25,field_observer,Hum near 6 faces 20s failed.Order?,False,none,none,,
veyru/1781739365,veyru/1780654381,0.0,replace_learned,17,field_observer,Bell+rotate ineffective. Clarify?,True,whole,whole_procedure,True,True
veyru/1781739365,veyru/1780654381,0.0,replace_learned,17,field_observer,Board+face-pairs 12s mod ineffective. Help?,False,none,none,,
veyru/1781739365,veyru/1780654381,0.0,replace_learned,18,field_observer,R first fail too. Other tool?,False,none,none,,
veyru/1781739365,veyru/1780654381,0.0,replace_learned,19,field_observer,Cloth+fan L/R fail. Which face bright?,False,none,none,,
veyru/1781739365,veyru/1780654381,0.0,replace_learned,19,field_observer,Retry L+fail. Fan top/bot?,False,none,none,,
veyru/1781739365,veyru/1780654381,0.0,replace_learned,20,field_observer,Fan F+bell edges fail. Alt face?,False,none,none,,
veyru/1781739365,veyru/1780654381,0.0,replace_learned,22,field_observer,Lamp dim-Bo/bright-T fail. Reverse?,False,none,none,,
veyru/1781739365,veyru/1780654381,0.0,replace_learned,22,field_observer,Rev fail. Other faces?,False,none,none,,
veyru/1781739365,veyru/1780654381,0.0,replace_learned,24,field_observer,Bell F/B 5c mod fail. L/R?,False,none,none,,
veyru/1781739365,veyru/1780654381,0.0,replace_learned,24,field_observer,L/R 5c mod fail. T/B?,False,none,none,,
veyru/1781739365,veyru/1780654381,0.0,replace_learned,24,field_observer,T/B fail. All pairs tried. Diff tool?,False,none,none,,
veyru/1781739365,veyru/1780654381,0.0,replace_learned,25,field_observer,L/F/T board fail. Opp?,False,none,none,,
veyru/1781720598,veyru/1780654410,10.0,replace_learned,16,field_observer,RC f?,False,none,none,,
veyru/1781720598,veyru/1780654410,10.0,replace_learned,16,field_observer,fail. order?,False,none,none,,
veyru/1781720604,veyru/1780654410,10.0,replace_learned,15,field_observer,fail. budget?,False,none,none,,
veyru/1781720604,veyru/1780654410,10.0,replace_learned,16,field_observer,fail. order?,False,none,none,,
veyru/1781720604,veyru/1780654410,10.0,replace_learned,17,field_observer,fail x2. clarify rotate,True,part,template,False,True
veyru/1781720604,veyru/1780654410,10.0,replace_learned,18,field_observer,fail x2. order?,False,none,none,,
veyru/1781720604,veyru/1780654410,10.0,replace_learned,19,field_observer,which F?,True,part,face,False,True
veyru/1781720608,veyru/1780654410,10.0,replace_learned,16,field_observer,RC@?,False,none,none,,
veyru/1781720608,veyru/1780654410,10.0,replace_learned,16,field_observer,fail. order?,False,none,none,,
veyru/1781720608,veyru/1780654410,10.0,replace_learned,18,field_observer,CD@?,False,none,none,,
veyru/1781727133,veyru/1780654410,5.0,replace_learned,17,stabilization_engineer,HC=? HI or HM?,True,part,motif_symptom,False,False
veyru/1781727133,veyru/1780654410,5.0,replace_learned,19,field_observer,fail. seq?,False,none,none,,
veyru/1781727133,veyru/1780654410,5.0,replace_learned,23,field_observer,fail. 12s ea or total?,True,part,param_bundle,True,True
veyru/1781727156,veyru/1780654410,5.0,replace_learned,16,field_observer,x. /Be=per edge?,True,part,face,True,True
veyru/1781727156,veyru/1780654410,5.0,replace_learned,17,stabilization_engineer,HC?,True,part,motif_symptom,False,False
veyru/1781727156,veyru/1780654410,5.0,replace_learned,17,field_observer,x. clarify?,True,whole,whole_procedure,True,False
veyru/1781727156,veyru/1780654410,5.0,replace_learned,19,field_observer,x. seq or sim?,False,none,none,,
veyru/1781727209,veyru/1780654410,5.0,replace_learned,16,field_observer,fail. ST near which face?,False,none,none,,
veyru/1781727209,veyru/1780654410,5.0,replace_learned,17,stabilization_engineer,HC?,True,part,motif_symptom,False,False
veyru/1781734005,veyru/1780654410,1.0,replace_learned,16,field_observer,inef. B=?,True,part,face,False,True
veyru/1781734005,veyru/1780654410,1.0,replace_learned,16,field_observer,inef. clarify?,True,whole,whole_procedure,True,False
veyru/1781734045,veyru/1780654410,1.0,replace_learned,16,field_observer,no fix; clarify BD?,True,part,template,False,False
veyru/1781734045,veyru/1780654410,1.0,replace_learned,17,field_observer,no fix; tone=what tool?,True,part,template,False,True
veyru/1781734045,veyru/1780654410,1.0,replace_learned,17,field_observer,no. simple?,False,none,none,,
veyru/1781734045,veyru/1780654410,1.0,replace_learned,19,field_observer,no. 1 lamp only — how?,False,none,none,,
veyru/1781734045,veyru/1780654410,1.0,replace_learned,23,field_observer,no. tone tool? T+U seq or sim?,True,part,template,False,True
veyru/1781734045,veyru/1780654410,1.0,replace_learned,25,stabilization_engineer,"board against ea of 6 faces 20s mod, start L",False,none,none,,
veyru/1781739476,veyru/1780654410,0.0,replace_learned,20,field_observer,Cloth F 15s + bell 2x/6F ineffective. /Fe = ?,True,part,face,True,True
veyru/1781739476,veyru/1780654410,0.0,replace_learned,22,field_observer,Only 1 lamp in kit. Alt?,False,none,none,,
veyru/1781739476,veyru/1780654410,0.0,replace_learned,22,field_observer,U = bottom or top?,True,part,face,False,True
veyru/1781739476,veyru/1780654410,0.0,replace_learned,24,field_observer,Ineffective. Detail?,False,none,none,,
veyru/1781739476,veyru/1780654410,0.0,replace_learned,25,stabilization_engineer,"board against each 6F 20s mod, all in turn",False,none,none,,
veyru/1781739477,veyru/1780654410,0.0,replace_learned,17,field_observer,F+R+Top board 12s each failed. Which faces?,False,none,none,,
veyru/1781739477,veyru/1780654410,0.0,replace_learned,20,field_observer,Fail. F edges = 4 edges of front face?,True,part,face,True,True
veyru/1781739477,veyru/1780654410,0.0,replace_learned,21,field_observer,"Fail. Clarify ""sim""?",True,part,other,False,True
veyru/1781739497,veyru/1780654410,0.0,replace_learned,17,field_observer,"V17: hollow tap, dark center, thin hum. Cmd?",False,none,none,,
veyru/1781739497,veyru/1780654410,0.0,replace_learned,18,field_observer,"V18: frozen dim, silent, cold. Cmd?",False,none,none,,
veyru/1781739497,veyru/1780654410,0.0,replace_learned,19,field_observer,"V19: 1 face bright, vibrating, whine. Cmd?",False,none,none,,
veyru/1781718349,veyru/1781173570,10.0,replace_learned,16,field_observer,X ab=?,True,part,other,False,False
veyru/1781718349,veyru/1781173570,10.0,replace_learned,17,stabilization_engineer,EB= blur/wobble/shimmer?,True,part,motif_symptom,False,False
veyru/1781718349,veyru/1781173570,10.0,replace_learned,23,stabilization_engineer,EB= slide/wobble/shimmer?,True,part,motif_symptom,False,False
veyru/1781718349,veyru/1781173570,10.0,replace_learned,24,stabilization_engineer,FB raw?,True,whole,motif_symptom,False,False
veyru/1781727334,veyru/1781173570,5.0,replace_learned,16,stabilization_engineer,HC=? raw symptoms?,True,part,motif_symptom,False,False
veyru/1781727421,veyru/1781173570,5.0,replace_learned,19,stabilization_engineer,?OB=overbright/layered or blazing+buzz+hot?,True,part,motif_symptom,False,False
veyru/1781734132,veyru/1781173570,1.0,replace_learned,18,field_observer,fail. clarify fan?,False,none,none,,
veyru/1781734132,veyru/1781173570,1.0,replace_learned,19,field_observer,fail. fan = both at once or alt?,False,none,none,,
veyru/1781734132,veyru/1781173570,1.0,replace_learned,21,field_observer,fail again,False,none,none,,
veyru/1781734139,veyru/1781173570,1.0,replace_learned,19,field_observer,stone fail. confirm?,False,none,none,,
veyru/1781739502,veyru/1781173570,0.0,replace_learned,19,stabilization_engineer,V19?,False,none,none,,
veyru/1781718395,veyru/1781173588,10.0,replace_learned,17,stabilization_engineer,sx now?,False,none,none,,
veyru/1781718395,veyru/1781173588,10.0,replace_learned,17,field_observer,S=front? did it. fail. wh face start?,True,part,face,False,False
veyru/1781721845,veyru/1781173588,10.0,replace_learned,15,stabilization_engineer,?,False,none,none,,
veyru/1781721845,veyru/1781173588,10.0,replace_learned,18,stabilization_engineer,?ac which step?,False,none,none,,
veyru/1781721845,veyru/1781173588,10.0,replace_learned,19,field_observer,W=bright?,True,part,face,False,True
veyru/1781721845,veyru/1781173588,10.0,replace_learned,22,field_observer,1 lamp; how both,False,none,none,,
veyru/1781721864,veyru/1781173588,10.0,replace_learned,17,field_observer,no ?,False,none,none,,
veyru/1781721864,veyru/1781173588,10.0,replace_learned,19,stabilization_engineer,which face is bright?,False,none,none,,
veyru/1781721864,veyru/1781173588,10.0,replace_learned,20,stabilization_engineer,which face has hot corners?,False,none,none,,
veyru/1781727466,veyru/1781173588,5.0,replace_learned,17,field_observer,?st fail again,False,none,none,,
veyru/1781727466,veyru/1781173588,5.0,replace_learned,19,field_observer,?clarify 1 lamp only,False,none,none,,
veyru/1781727466,veyru/1781173588,5.0,replace_learned,22,field_observer,1 lamp only ?how,False,none,none,,
veyru/1781727591,veyru/1781173588,5.0,replace_learned,15,field_observer,?st W only?,False,none,none,,
veyru/1781727591,veyru/1781173588,5.0,replace_learned,16,field_observer,?BE ST mean,True,part,template,True,False
veyru/1781727591,veyru/1781173588,5.0,replace_learned,16,field_observer,ctrs=face ctrs or C(corners)?,True,part,template,False,True
veyru/1781727591,veyru/1781173588,5.0,replace_learned,16,field_observer,?st x1=once total?,True,part,other,False,True
veyru/1781727591,veyru/1781173588,5.0,replace_learned,16,field_observer,stone beside what?,False,none,none,,
veyru/1781727591,veyru/1781173588,5.0,replace_learned,17,field_observer,?st clarify,True,whole,whole_procedure,True,False
veyru/1781727591,veyru/1781173588,5.0,replace_learned,17,field_observer,3 or 6 placements?,False,none,none,,
veyru/1781727591,veyru/1781173588,5.0,replace_learned,17,field_observer,fail x3; MOD=?,True,part,intensity,False,True
veyru/1781727591,veyru/1781173588,5.0,replace_learned,18,stabilization_engineer,"stone beside each face full 20s, 6 total",False,none,none,,
veyru/1781727591,veyru/1781173588,5.0,replace_learned,19,field_observer,fail; A=?,True,part,face,False,True
veyru/1781727591,veyru/1781173588,5.0,replace_learned,25,field_observer,fail; 3 or 6 placements?,False,none,none,,
veyru/1781727591,veyru/1781173588,5.0,replace_learned,25,field_observer,fail; suggest?,False,none,none,,
veyru/1781727679,veyru/1781173588,5.0,replace_learned,15,field_observer,?tone w what tool,False,none,none,,
veyru/1781727679,veyru/1781173588,5.0,replace_learned,16,field_observer,?st BE=bell?,True,part,template,False,False
veyru/1781727679,veyru/1781173588,5.0,replace_learned,16,field_observer,?st same fail; clarify order,False,none,none,,
veyru/1781727679,veyru/1781173588,5.0,replace_learned,16,stabilization_engineer,try again gentle,False,none,none,,
veyru/1781727679,veyru/1781173588,5.0,replace_learned,17,stabilization_engineer,flat board against each face,False,none,none,,
veyru/1781727679,veyru/1781173588,5.0,replace_learned,19,field_observer,?st W or bright?,False,none,none,,
veyru/1781734142,veyru/1781173588,1.0,replace_learned,16,field_observer,fail clarify,True,whole,whole_procedure,True,False
veyru/1781734142,veyru/1781173588,1.0,replace_learned,17,field_observer,no clarify tool,False,none,none,,
veyru/1781734142,veyru/1781173588,1.0,replace_learned,18,field_observer,no x5=5chimes?,True,part,other,False,True
veyru/1781734142,veyru/1781173588,1.0,replace_learned,19,field_observer,tool?,False,none,none,,
veyru/1781734150,veyru/1781173588,1.0,replace_learned,16,field_observer,fail clarify BE ST,True,part,template,True,False
veyru/1781734150,veyru/1781173588,1.0,replace_learned,17,stabilization_engineer,sx?,False,none,none,,
veyru/1781734150,veyru/1781173588,1.0,replace_learned,17,field_observer,fail clarify,True,whole,whole_procedure,True,False
veyru/1781734150,veyru/1781173588,1.0,replace_learned,18,field_observer,fail spell,True,whole,whole_procedure,True,False
veyru/1781734150,veyru/1781173588,1.0,replace_learned,18,stabilization_engineer,sx?,False,none,none,,
veyru/1781734150,veyru/1781173588,1.0,replace_learned,18,field_observer,fail clarify /20s,True,part,duration,False,True
veyru/1781734150,veyru/1781173588,1.0,replace_learned,19,field_observer,fail A=?,True,part,face,False,True
veyru/1781734237,veyru/1781173588,1.0,replace_learned,16,field_observer,fail. clarify?,True,whole,whole_procedure,True,False
veyru/1781734237,veyru/1781173588,1.0,replace_learned,17,field_observer,fail again,False,none,none,,
veyru/1781734237,veyru/1781173588,1.0,replace_learned,17,field_observer,fail. tool?,False,none,none,,
veyru/1781734237,veyru/1781173588,1.0,replace_learned,25,field_observer,f2 tool?,False,none,none,,
veyru/1781739622,veyru/1781173588,0.0,replace_learned,16,field_observer,No effect. Clarify?,True,whole,whole_procedure,True,False
veyru/1781739622,veyru/1781173588,0.0,replace_learned,18,field_observer,tool?,False,none,none,,
veyru/1781739622,veyru/1781173588,0.0,replace_learned,18,field_observer,no. detail?,True,whole,whole_procedure,True,False
veyru/1781739622,veyru/1781173588,0.0,replace_learned,19,field_observer,no. A=?,True,part,face,False,True
veyru/1781739623,veyru/1781173588,0.0,replace_learned,16,field_observer,failed. clarify?,True,whole,whole_procedure,True,False
veyru/1781739623,veyru/1781173588,0.0,replace_learned,16,field_observer,no effect. order? duration?,False,none,none,,
veyru/1781739623,veyru/1781173588,0.0,replace_learned,17,field_observer,no. what S?,True,part,face,False,True
veyru/1781739623,veyru/1781173588,0.0,replace_learned,19,field_observer,no. A=?,True,part,face,False,True
veyru/1781739623,veyru/1781173588,0.0,replace_learned,19,field_observer,W=?,True,part,face,False,True
veyru/1781739623,veyru/1781173588,0.0,replace_learned,21,field_observer,no. cool first?,False,none,none,,
veyru/1781739623,veyru/1781173588,0.0,replace_learned,21,stabilization_engineer,"use plain cloth, not cool. proceed.",False,none,none,,
veyru/1781739623,veyru/1781173588,0.0,replace_learned,23,field_observer,no. board?,False,none,none,,
veyru/1781739652,veyru/1781173588,0.0,replace_learned,16,field_observer,didn't work. clarify BE?,True,part,template,False,False
veyru/1781739652,veyru/1781173588,0.0,replace_learned,17,field_observer,fail. spell out,True,whole,whole_procedure,True,False
veyru/1781727765,veyru/1781173589,5.0,replace_learned,25,stabilization_engineer,Bd against Lt 20s; rot-rpt ea face-pair.,False,none,none,,
veyru/1781734246,veyru/1781173589,1.0,replace_learned,19,field_observer,fail3.clarify:Rot+tone?,True,part,template,True,True
veyru/1781734246,veyru/1781173589,1.0,replace_learned,20,field_observer,fail2.Ft=front?,True,part,face,False,True
veyru/1781734502,veyru/1781173589,1.0,replace_learned,22,stabilization_engineer,New Veyru. Symptoms?,False,none,none,,
veyru/1781734503,veyru/1781173589,1.0,replace_learned,16,field_observer,fail-trEdg?,True,part,template,True,True
veyru/1781739876,veyru/1781173589,0.0,replace_learned,17,field_observer,Cloth+fan ineffective. Help?,False,none,none,,
veyru/1781739876,veyru/1781173589,0.0,replace_learned,17,field_observer,Still no. Alt?,False,none,none,,
veyru/1781739876,veyru/1781173589,0.0,replace_learned,18,field_observer,HC each face: no effect. Alt?,False,none,none,,
veyru/1781739876,veyru/1781173589,0.0,replace_learned,19,field_observer,No effect. Retry or alt?,False,none,none,,
veyru/1781739876,veyru/1781173589,0.0,replace_learned,19,field_observer,Still no. New approach?,False,none,none,,
veyru/1781739876,veyru/1781173589,0.0,replace_learned,20,field_observer,"V20: frozen dim, silent, cold. Instructions?",False,none,none,,
veyru/1781739876,veyru/1781173589,0.0,replace_learned,20,field_observer,"All faces dim, hum whisper, washed out. Next?",False,none,none,,
veyru/1781739876,veyru/1781173589,0.0,replace_learned,21,field_observer,"V21: hot+dim, rumble, rough, red. Go?",False,none,none,,
veyru/1781739876,veyru/1781173589,0.0,replace_learned,21,field_observer,No effect. Retry/alt?,False,none,none,,
veyru/1781739876,veyru/1781173589,0.0,replace_learned,21,field_observer,Retry: no. ~100 left. New?,False,none,none,,
veyru/1781739876,veyru/1781173589,0.0,replace_learned,24,field_observer,"V24: frozen dim, silent, cold. Go?",False,none,none,,
veyru/1781739876,veyru/1781173589,0.0,replace_learned,24,field_observer,"1 face bright+vibrating, whine. Next?",False,none,none,,
veyru/1781739876,veyru/1781173589,0.0,replace_learned,25,field_observer,"V25: hot+dim, rumble, rough, red. Go?",False,none,none,,
veyru/1781739876,veyru/1781173589,0.0,replace_learned,25,field_observer,"All dim, whisper hum, washed. Next? ~65 left.",False,none,none,,
veyru/1781739890,veyru/1781173589,0.0,replace_learned,16,field_observer,Bell/face from Bk: no effect. Retry or next?,False,none,none,,
veyru/1781739890,veyru/1781173589,0.0,replace_learned,17,field_observer,Both steps failed. ~59s left. New action?,False,none,none,,
veyru/1781739890,veyru/1781173589,0.0,replace_learned,17,field_observer,Bd/Ft 12s+pairs:fail.Alt?,False,none,none,,
veyru/1781739890,veyru/1781173589,0.0,replace_learned,17,stabilization_engineer,"RETRY: Bd Ft 12s; turn to ea pair, repeat.",False,none,none,,
veyru/1781739890,veyru/1781173589,0.0,replace_learned,17,field_observer,Retry fail.New?,False,none,none,,
veyru/1781739890,veyru/1781173589,0.0,replace_learned,17,field_observer,Ft+Tp+Lt fail.Final?,False,none,none,,
veyru/1781739890,veyru/1781173589,0.0,replace_learned,21,field_observer,Fail.Alt?,False,none,none,,
veyru/1781739890,veyru/1781173589,0.0,replace_learned,21,field_observer,Retry fail.New action?,False,none,none,,
veyru/1781739890,veyru/1781173589,0.0,replace_learned,22,field_observer,Fail.Alt?,False,none,none,,
veyru/1781739890,veyru/1781173589,0.0,replace_learned,22,field_observer,Retry fail.Next?,False,none,none,,
veyru/1781739890,veyru/1781173589,0.0,replace_learned,24,field_observer,Fail.Alt?,False,none,none,,
veyru/1781739946,veyru/1781173589,0.0,replace_learned,17,field_observer,Bd Ft 12s rot-rpt failed. New orders?,False,none,none,,
veyru/1781739946,veyru/1781173589,0.0,replace_learned,17,field_observer,Still failed. Different tool?,False,none,none,,
veyru/1781739946,veyru/1781173589,0.0,replace_learned,18,field_observer,HC Lt 20s rot failed. Next?,False,none,none,,
veyru/1781739946,veyru/1781173589,0.0,replace_learned,19,field_observer,C+Fn failed. Retry?,False,none,none,,
veyru/1781739946,veyru/1781173589,0.0,replace_learned,20,field_observer,Fail. ~30s. New tool?,False,none,none,,
veyru/1781739946,veyru/1781173589,0.0,replace_learned,20,field_observer,"V20. Frozen dim, silent, cold. Orders?",False,none,none,,
veyru/1781739946,veyru/1781173589,0.0,replace_learned,20,field_observer,C+B edges failed. Next?,False,none,none,,
veyru/1781739946,veyru/1781173589,0.0,replace_learned,21,field_observer,Tp cloth+bell edges failed. Next?,False,none,none,,
veyru/1781739946,veyru/1781173589,0.0,replace_learned,21,field_observer,Fail again!,False,none,none,,
veyru/1781739946,veyru/1781173589,0.0,replace_learned,23,field_observer,Bt cloth+bell failed. Next?,False,none,none,,
veyru/1781739946,veyru/1781173589,0.0,replace_learned,23,field_observer,Tp cloth+bell fail. Next?,False,none,none,,
veyru/1781739946,veyru/1781173589,0.0,replace_learned,24,field_observer,Done. 1 face bright+vibrate+whine. Next?,False,none,none,,
veyru/1781739946,veyru/1781173589,0.0,replace_learned,24,field_observer,Cloth+fan fail. Next?,False,none,none,,
veyru/1781739946,veyru/1781173589,0.0,replace_learned,25,field_observer,"V25. Hot+dim, rumble, gritty, red. Orders?",False,none,none,,
veyru/1781739946,veyru/1781173589,0.0,replace_learned,25,field_observer,Bd fail. Next?,False,none,none,,
veyru/1781728156,veyru/1781173590,5.0,replace_learned,16,field_observer,no effect. retry?,False,none,none,,
veyru/1781728156,veyru/1781173590,5.0,replace_learned,17,field_observer,fail again,False,none,none,,
veyru/1781728156,veyru/1781173590,5.0,replace_learned,19,field_observer,fail again,False,none,none,,
veyru/1781728156,veyru/1781173590,5.0,replace_learned,22,field_observer,fail again,False,none,none,,
veyru/1781728156,veyru/1781173590,5.0,replace_learned,24,field_observer,fail again,False,none,none,,
veyru/1781728156,veyru/1781173590,5.0,replace_learned,25,field_observer,fail again,False,none,none,,
veyru/1781734763,veyru/1781173590,1.0,replace_learned,16,field_observer,fail. retry?,False,none,none,,
veyru/1781734763,veyru/1781173590,1.0,replace_learned,16,field_observer,fail again.,False,none,none,,
veyru/1781734763,veyru/1781173590,1.0,replace_learned,16,field_observer,fail 3x. new instr?,False,none,none,,
veyru/1781734763,veyru/1781173590,1.0,replace_learned,17,field_observer,fail. corners or edges?,False,none,none,,
veyru/1781734763,veyru/1781173590,1.0,replace_learned,17,stabilization_engineer,New Veyru. Report symptoms.,False,none,none,,
veyru/1781734763,veyru/1781173590,1.0,replace_learned,17,field_observer,fail 3x. new?,False,none,none,,
veyru/1781734763,veyru/1781173590,1.0,replace_learned,18,field_observer,fail. budget?,False,none,none,,
veyru/1781734763,veyru/1781173590,1.0,replace_learned,18,stabilization_engineer,New Veyru 18. Symptoms?,False,none,none,,
veyru/1781734763,veyru/1781173590,1.0,replace_learned,18,field_observer,fail 3x. new instr?,False,none,none,,
veyru/1781734763,veyru/1781173590,1.0,replace_learned,19,stabilization_engineer,V19 new. Describe what you SEE now.,False,none,none,,
veyru/1781734763,veyru/1781173590,1.0,replace_learned,19,field_observer,fail. which F bright?,False,none,none,,
veyru/1781734763,veyru/1781173590,1.0,replace_learned,19,field_observer,fail 3x. new?,False,none,none,,
veyru/1781734763,veyru/1781173590,1.0,replace_learned,20,field_observer,fail 3x. new?,False,none,none,,
veyru/1781734763,veyru/1781173590,1.0,replace_learned,21,stabilization_engineer,STOP. What exact text did you pass to tool?,False,none,none,,
veyru/1781734763,veyru/1781173590,1.0,replace_learned,22,stabilization_engineer,V22 symptoms?,False,none,none,,
veyru/1781734763,veyru/1781173590,1.0,replace_learned,23,stabilization_engineer,V23 symptoms first.,False,none,none,,
veyru/1781734763,veyru/1781173590,1.0,replace_learned,25,field_observer,fail. tone=bell?,True,part,template,False,True
veyru/1781734817,veyru/1781173590,1.0,replace_learned,16,field_observer,no effect. retry?,False,none,none,,
veyru/1781740096,veyru/1781173590,0.0,replace_learned,18,field_observer,3rd fail. New action?,False,none,none,,
veyru/1781740096,veyru/1781173590,0.0,replace_learned,18,field_observer,3x fail. Alt?,False,none,none,,
veyru/1781740096,veyru/1781173590,0.0,replace_learned,20,stabilization_engineer,V20 symptoms?,False,none,none,,
veyru/1781740096,veyru/1781173590,0.0,replace_learned,21,stabilization_engineer,V21 symptoms now.,False,none,none,,
veyru/1781740096,veyru/1781173590,0.0,replace_learned,25,stabilization_engineer,V25?,False,none,none,,
veyru/1781740130,veyru/1781173590,0.0,replace_learned,16,field_observer,Lamp/back/8s/gentle failed. New instruct?,False,none,none,,
veyru/1781740130,veyru/1781173590,0.0,replace_learned,17,field_observer,V17: lamp/back/8s/gentle=fail. Next?,False,none,none,,
veyru/1781740130,veyru/1781173590,0.0,replace_learned,17,stabilization_engineer,New Veyru. Describe symptoms.,False,none,none,,
veyru/1781740130,veyru/1781173590,0.0,replace_learned,18,field_observer,bell/right/20s/gentle/x5=fail. Next?,False,none,none,,
veyru/1781740130,veyru/1781173590,0.0,replace_learned,18,field_observer,bell/left/20s/gentle/x5=fail too. Clarify?,False,none,none,,
veyru/1781740130,veyru/1781173590,0.0,replace_learned,19,field_observer,cloth+fan/firm/left+right/20s=fail. Next?,False,none,none,,
veyru/1781740130,veyru/1781173590,0.0,replace_learned,19,field_observer,retry fail. Which face is bright one?,False,none,none,,
veyru/1781740130,veyru/1781173590,0.0,replace_learned,22,field_observer,retry fail. Lamp touching or distant?,False,none,none,,
veyru/1781740222,veyru/1781173590,0.0,replace_learned,17,field_observer,Board/front/12s/mod ineffective. Next?,False,none,none,,
veyru/1781740222,veyru/1781173590,0.0,replace_learned,17,field_observer,Still ineffective. Other options?,False,none,none,,
veyru/1781740222,veyru/1781173590,0.0,replace_learned,17,field_observer,3rd fail. Critical. New action?,False,none,none,,
veyru/1781740222,veyru/1781173590,0.0,replace_learned,18,field_observer,Ineffective. Next?,False,none,none,,
veyru/1781740222,veyru/1781173590,0.0,replace_learned,18,field_observer,Still no. Alt?,False,none,none,,
veyru/1781740222,veyru/1781173590,0.0,replace_learned,18,field_observer,3rd fail. New tool?,False,none,none,,
veyru/1781740222,veyru/1781173590,0.0,replace_learned,19,field_observer,Fail. Retry?,False,none,none,,
veyru/1781740222,veyru/1781173590,0.0,replace_learned,19,field_observer,Still fail. Alt?,False,none,none,,
veyru/1781740222,veyru/1781173590,0.0,replace_learned,20,field_observer,Fail. Retry?,False,none,none,,
veyru/1781740222,veyru/1781173590,0.0,replace_learned,20,field_observer,Still fail. Alt?,False,none,none,,
veyru/1781740222,veyru/1781173590,0.0,replace_learned,21,field_observer,Fail. Retry?,False,none,none,,
veyru/1781740222,veyru/1781173590,0.0,replace_learned,21,field_observer,Still fail. Alt?,False,none,none,,
veyru/1781740222,veyru/1781173590,0.0,replace_learned,22,field_observer,Fail. Retry?,False,none,none,,
veyru/1781740222,veyru/1781173590,0.0,replace_learned,23,field_observer,Fail. Retry?,False,none,none,,
veyru/1781718665,veyru/1781173591,10.0,replace_learned,16,stabilization_engineer,desc?,False,none,none,,
veyru/1781718665,veyru/1781173591,10.0,replace_learned,17,stabilization_engineer,desc?,False,none,none,,
veyru/1781718665,veyru/1781173591,10.0,replace_learned,18,stabilization_engineer,desc?,False,none,none,,
veyru/1781718665,veyru/1781173591,10.0,replace_learned,19,stabilization_engineer,desc?,False,none,none,,
veyru/1781718665,veyru/1781173591,10.0,replace_learned,20,stabilization_engineer,desc?,False,none,none,,
veyru/1781718665,veyru/1781173591,10.0,replace_learned,22,stabilization_engineer,desc?,False,none,none,,
veyru/1781718665,veyru/1781173591,10.0,replace_learned,23,stabilization_engineer,desc?,False,none,none,,
veyru/1781718665,veyru/1781173591,10.0,replace_learned,24,stabilization_engineer,desc?,False,none,none,,
veyru/1781718665,veyru/1781173591,10.0,replace_learned,25,stabilization_engineer,desc?,False,none,none,,
veyru/1781718762,veyru/1781173591,10.0,replace_learned,15,stabilization_engineer,desc?,False,none,none,,
veyru/1781718762,veyru/1781173591,10.0,replace_learned,16,stabilization_engineer,tag?,False,none,none,,
veyru/1781718762,veyru/1781173591,10.0,replace_learned,22,stabilization_engineer,desc?,False,none,none,,
veyru/1781718762,veyru/1781173591,10.0,replace_learned,23,stabilization_engineer,desc?,False,none,none,,
veyru/1781718865,veyru/1781173591,10.0,replace_learned,15,stabilization_engineer,full desc?,False,none,none,,
veyru/1781718865,veyru/1781173591,10.0,replace_learned,18,stabilization_engineer,desc?,False,none,none,,
veyru/1781718865,veyru/1781173591,10.0,replace_learned,19,stabilization_engineer,desc?,False,none,none,,
veyru/1781728257,veyru/1781173591,5.0,replace_learned,16,stabilization_engineer,desc?,False,none,none,,
veyru/1781728257,veyru/1781173591,5.0,replace_learned,22,stabilization_engineer,desc?,False,none,none,,
veyru/1781728257,veyru/1781173591,5.0,replace_learned,23,field_observer,x clarify,True,whole,whole_procedure,True,True
veyru/1781728333,veyru/1781173591,5.0,replace_learned,16,stabilization_engineer,hum? hot?,False,none,none,,
veyru/1781728333,veyru/1781173591,5.0,replace_learned,18,stabilization_engineer,desc?,False,none,none,,
veyru/1781728333,veyru/1781173591,5.0,replace_learned,19,stabilization_engineer,full desc?,False,none,none,,
veyru/1781728333,veyru/1781173591,5.0,replace_learned,22,stabilization_engineer,desc?,False,none,none,,
veyru/1781728385,veyru/1781173591,5.0,replace_learned,15,stabilization_engineer,tag?,False,none,none,,
veyru/1781728385,veyru/1781173591,5.0,replace_learned,16,stabilization_engineer,desc?,False,none,none,,
veyru/1781728385,veyru/1781173591,5.0,replace_learned,18,stabilization_engineer,desc?,False,none,none,,
veyru/1781728385,veyru/1781173591,5.0,replace_learned,19,stabilization_engineer,desc?,False,none,none,,
veyru/1781728385,veyru/1781173591,5.0,replace_learned,22,stabilization_engineer,desc full?,False,none,none,,
veyru/1781728385,veyru/1781173591,5.0,replace_learned,23,stabilization_engineer,desc full?,False,none,none,,
veyru/1781734828,veyru/1781173591,1.0,replace_learned,16,field_observer,fail. clarify,True,whole,whole_procedure,True,True
veyru/1781734828,veyru/1781173591,1.0,replace_learned,18,field_observer,HUM=?,True,part,template,False,True
veyru/1781734828,veyru/1781173591,1.0,replace_learned,19,field_observer,"no, time?",False,none,none,,
veyru/1781734828,veyru/1781173591,1.0,replace_learned,20,field_observer,no time?,False,none,none,,
veyru/1781734828,veyru/1781173591,1.0,replace_learned,21,field_observer,no clarify,True,whole,whole_procedure,True,True
veyru/1781734841,veyru/1781173591,1.0,replace_learned,16,field_observer,fail clarify,True,whole,whole_procedure,True,True
veyru/1781734841,veyru/1781173591,1.0,replace_learned,18,field_observer,HUM=?,True,part,template,False,True
veyru/1781734841,veyru/1781173591,1.0,replace_learned,22,field_observer,??,False,none,none,,
veyru/1781734841,veyru/1781173591,1.0,replace_learned,23,field_observer,opp T faces=?,True,part,face,True,True
veyru/1781734912,veyru/1781173591,1.0,replace_learned,16,field_observer,no eff. clarify?,True,whole,whole_procedure,True,True
veyru/1781734912,veyru/1781173591,1.0,replace_learned,16,field_observer,still no. board both faces of pair @once?,False,none,none,,
veyru/1781734912,veyru/1781173591,1.0,replace_learned,18,stabilization_engineer,place warm S beside L 20s gen. Repeat each F.,False,none,none,,
veyru/1781740221,veyru/1781173591,0.0,replace_learned,16,field_observer,No effect. Clarify?,True,whole,whole_procedure,True,True
veyru/1781740235,veyru/1781173591,0.0,replace_learned,17,field_observer,No effect. Clarify B/F-Bk/12/5/mod?,True,whole,whole_procedure,True,True
veyru/1781740235,veyru/1781173591,0.0,replace_learned,24,stabilization_engineer,Describe V24 symptoms.,False,none,none,,
veyru/1781740246,veyru/1781173591,0.0,replace_learned,17,field_observer,Failed. Clarify CL/FA?,True,part,template,True,True
veyru/1781740246,veyru/1781173591,0.0,replace_learned,22,field_observer,?,False,none,none,,
veyru/1781720599,veyru/1781173592,10.0,replace_learned,17,stabilization_engineer,New symptoms?,False,none,none,,
veyru/1781720599,veyru/1781173592,10.0,replace_learned,21,stabilization_engineer,New symptoms?,False,none,none,,
veyru/1781720599,veyru/1781173592,10.0,replace_learned,25,stabilization_engineer,New symptoms?,False,none,none,,
veyru/1781721537,veyru/1781173592,10.0,replace_learned,17,stabilization_engineer,New symptoms?,False,none,none,,
veyru/1781721537,veyru/1781173592,10.0,replace_learned,17,field_observer,F1 again.,False,none,none,,
veyru/1781721537,veyru/1781173592,10.0,replace_learned,19,stabilization_engineer,New symptoms?,False,none,none,,
veyru/1781721537,veyru/1781173592,10.0,replace_learned,19,field_observer,F1 again.,False,none,none,,
veyru/1781721537,veyru/1781173592,10.0,replace_learned,21,stabilization_engineer,New symptoms?,False,none,none,,
veyru/1781721537,veyru/1781173592,10.0,replace_learned,21,field_observer,F1 again.,False,none,none,,
veyru/1781721537,veyru/1781173592,10.0,replace_learned,23,field_observer,F1 again.,False,none,none,,
veyru/1781721537,veyru/1781173592,10.0,replace_learned,25,stabilization_engineer,New symptoms?,False,none,none,,
veyru/1781721786,veyru/1781173592,10.0,replace_learned,19,stabilization_engineer,New symptoms?,False,none,none,,
veyru/1781721786,veyru/1781173592,10.0,replace_learned,20,stabilization_engineer,New symptoms?,False,none,none,,
veyru/1781721786,veyru/1781173592,10.0,replace_learned,22,stabilization_engineer,New symptoms?,False,none,none,,
veyru/1781721786,veyru/1781173592,10.0,replace_learned,23,stabilization_engineer,New symptoms?,False,none,none,,
veyru/1781728699,veyru/1781173592,5.0,replace_learned,19,stabilization_engineer,New symptoms?,False,none,none,,
veyru/1781728699,veyru/1781173592,5.0,replace_learned,20,stabilization_engineer,Clarify: face flicker chaos hum?,False,none,none,,
veyru/1781728699,veyru/1781173592,5.0,replace_learned,21,stabilization_engineer,New symptoms?,False,none,none,,
veyru/1781728699,veyru/1781173592,5.0,replace_learned,22,stabilization_engineer,New symptoms?,False,none,none,,
veyru/1781728699,veyru/1781173592,5.0,replace_learned,23,stabilization_engineer,New symptoms?,False,none,none,,
veyru/1781728699,veyru/1781173592,5.0,replace_learned,24,stabilization_engineer,R24 symptoms?,False,none,none,,
veyru/1781728699,veyru/1781173592,5.0,replace_learned,25,stabilization_engineer,New symptoms?,False,none,none,,
veyru/1781728700,veyru/1781173592,5.0,replace_learned,17,stabilization_engineer,New symptoms?,False,none,none,,
veyru/1781728700,veyru/1781173592,5.0,replace_learned,21,stabilization_engineer,New symptoms?,False,none,none,,
veyru/1781728700,veyru/1781173592,5.0,replace_learned,22,stabilization_engineer,New symptoms?,False,none,none,,
veyru/1781728700,veyru/1781173592,5.0,replace_learned,23,stabilization_engineer,New symptoms?,False,none,none,,
veyru/1781728700,veyru/1781173592,5.0,replace_learned,25,stabilization_engineer,New symptoms?,False,none,none,,
veyru/1781728767,veyru/1781173592,5.0,replace_learned,15,field_observer,F1 again.,False,none,none,,
veyru/1781728767,veyru/1781173592,5.0,replace_learned,17,field_observer,F1 again.,False,none,none,,
veyru/1781728767,veyru/1781173592,5.0,replace_learned,19,stabilization_engineer,New symptoms now?,False,none,none,,
veyru/1781728767,veyru/1781173592,5.0,replace_learned,20,field_observer,F1 again.,False,none,none,,
veyru/1781728767,veyru/1781173592,5.0,replace_learned,22,field_observer,F1 again.,False,none,none,,
veyru/1781728767,veyru/1781173592,5.0,replace_learned,22,stabilization_engineer,New symptoms?,False,none,none,,
veyru/1781728767,veyru/1781173592,5.0,replace_learned,23,stabilization_engineer,New symptoms?,False,none,none,,
veyru/1781728767,veyru/1781173592,5.0,replace_learned,25,field_observer,F1 again.,False,none,none,,
veyru/1781734965,veyru/1781173592,1.0,replace_learned,19,stabilization_engineer,New symptoms?,False,none,none,,
veyru/1781734965,veyru/1781173592,1.0,replace_learned,19,field_observer,fail again.,False,none,none,,
veyru/1781734965,veyru/1781173592,1.0,replace_learned,21,stabilization_engineer,New symptoms?,False,none,none,,
veyru/1781734965,veyru/1781173592,1.0,replace_learned,22,stabilization_engineer,Symptoms now?,False,none,none,,
veyru/1781734966,veyru/1781173592,1.0,replace_learned,17,field_observer,no efct. retry?,False,none,none,,
veyru/1781734966,veyru/1781173592,1.0,replace_learned,17,field_observer,fail again. diff tool?,False,none,none,,
veyru/1781734966,veyru/1781173592,1.0,replace_learned,18,field_observer,fail. clarify?,False,none,none,,
veyru/1781734966,veyru/1781173592,1.0,replace_learned,19,stabilization_engineer,New symptoms?,False,none,none,,
veyru/1781734966,veyru/1781173592,1.0,replace_learned,21,stabilization_engineer,New symptoms now?,False,none,none,,
veyru/1781734966,veyru/1781173592,1.0,replace_learned,22,stabilization_engineer,New symptoms?,False,none,none,,
veyru/1781735030,veyru/1781173592,1.0,replace_learned,21,field_observer,ineff again.,False,none,none,,
veyru/1781735030,veyru/1781173592,1.0,replace_learned,22,field_observer,ineff. diff approach?,False,none,none,,
veyru/1781735030,veyru/1781173592,1.0,replace_learned,23,field_observer,ineff again. try fan/stone?,False,none,none,,
veyru/1781740250,veyru/1781173592,0.0,replace_learned,16,field_observer,Bell ineffective. Retry or adjust?,False,none,none,,
veyru/1781740250,veyru/1781173592,0.0,replace_learned,19,field_observer,Ineffective.Retry?,False,none,none,,
veyru/1781740250,veyru/1781173592,0.0,replace_learned,19,stabilization_engineer,New symptoms?,False,none,none,,
veyru/1781740250,veyru/1781173592,0.0,replace_learned,19,field_observer,Same symptoms.,False,none,none,,
veyru/1781740250,veyru/1781173592,0.0,replace_learned,21,field_observer,Fail again.,False,none,none,,
veyru/1781740340,veyru/1781173592,0.0,replace_learned,19,field_observer,Failed. Same symptoms persist.,False,none,none,,
veyru/1781740384,veyru/1781173592,0.0,replace_learned,18,field_observer,"V18. Frozen dim, silent, cold. Orders?",False,none,none,,
veyru/1781740384,veyru/1781173592,0.0,replace_learned,18,field_observer,"1-2 corners bright, ticking, hot. Next?",False,none,none,,
veyru/1781740384,veyru/1781173592,0.0,replace_learned,19,field_observer,No effect. New guidance?,False,none,none,,
veyru/1781740384,veyru/1781173592,0.0,replace_learned,19,stabilization_engineer,Same symptoms?,False,none,none,,
veyru/1781740384,veyru/1781173592,0.0,replace_learned,20,field_observer,"V20. Frozen dim, silent, cold. Orders?",False,none,none,,
veyru/1781740384,veyru/1781173592,0.0,replace_learned,20,field_observer,"Done. All dim, hum whisper, washed out. Next?",False,none,none,,
veyru/1781740384,veyru/1781173592,0.0,replace_learned,20,field_observer,"Corners bright, ticking, hot. Next?",False,none,none,,
veyru/1781740384,veyru/1781173592,0.0,replace_learned,23,field_observer,"Light drifts, edges smear, hum wavers. Next?",False,none,none,,
veyru/1781740384,veyru/1781173592,0.0,replace_learned,24,field_observer,"V24. Frozen dim, silent, cold. Orders?",False,none,none,,
veyru/1781740384,veyru/1781173592,0.0,replace_learned,24,field_observer,"Corners bright, ticking, hot. ?",False,none,none,,
veyru/1781740384,veyru/1781173592,0.0,replace_learned,25,field_observer,"V25. Hot, dim, rumble, gritty, red. Orders?",False,none,none,,
veyru/1781718955,veyru/1781173593,10.0,replace_learned,22,field_observer,x clarify lamp?,True,part,template,False,True
veyru/1781735039,veyru/1781173593,1.0,replace_learned,16,field_observer,no fx. clarify B=?,True,part,face,False,True
veyru/1781735039,veyru/1781173593,1.0,replace_learned,16,field_observer,no fx. B=back or bright?,True,part,face,False,True
veyru/1781735039,veyru/1781173593,1.0,replace_learned,19,field_observer,no fx. expand?,True,whole,whole_procedure,True,True
veyru/1781735073,veyru/1781173593,1.0,replace_learned,16,field_observer,no effect. clarify?,True,whole,whole_procedure,True,True
veyru/1781735073,veyru/1781173593,1.0,replace_learned,17,field_observer,still no fx. tool?,False,none,none,,
veyru/1781735073,veyru/1781173593,1.0,replace_learned,18,field_observer,"no fx, parse?",True,whole,whole_procedure,True,True
veyru/1781735073,veyru/1781173593,1.0,replace_learned,22,field_observer,"no fx, 1 lamp only?",False,none,none,,
veyru/1781735073,veyru/1781173593,1.0,replace_learned,23,field_observer,no fx. f=?,True,part,intensity,False,True
veyru/1781735073,veyru/1781173593,1.0,replace_learned,23,field_observer,no. T=top?,True,part,face,False,True
veyru/1781735073,veyru/1781173593,1.0,replace_learned,23,stabilization_engineer,Yes T=top. Try again.,False,none,none,,
veyru/1781735089,veyru/1781173593,1.0,replace_learned,17,field_observer,fail. resend?,False,none,none,,
veyru/1781735089,veyru/1781173593,1.0,replace_learned,18,field_observer,fail. clarify rotate?,True,part,template,False,True
veyru/1781735089,veyru/1781173593,1.0,replace_learned,19,field_observer,fail x2. which face is L? bright1?,True,part,face,False,True
veyru/1781735089,veyru/1781173593,1.0,replace_learned,22,field_observer,fail. simul or seq?,False,none,none,,
veyru/1781735089,veyru/1781173593,1.0,replace_learned,22,field_observer,fail. only 1 lamp. how?,False,none,none,,
veyru/1781735089,veyru/1781173593,1.0,replace_learned,23,field_observer,fail. spell out,True,whole,whole_procedure,True,True
veyru/1781735089,veyru/1781173593,1.0,replace_learned,24,field_observer,fail again,False,none,none,,
veyru/1781735089,veyru/1781173593,1.0,replace_learned,24,stabilization_engineer,new V. symptoms?,False,none,none,,
veyru/1781735089,veyru/1781173593,1.0,replace_learned,24,field_observer,fail. explain,True,whole,whole_procedure,True,True
veyru/1781735089,veyru/1781173593,1.0,replace_learned,25,stabilization_engineer,"bd L m 20s, rotate and repeat each face-pair",False,none,none,,
veyru/1781740479,veyru/1781173593,0.0,replace_learned,16,field_observer,no effect. repeat?,False,none,none,,
veyru/1781740479,veyru/1781173593,0.0,replace_learned,16,field_observer,no. clarify?,True,whole,whole_procedure,True,False
veyru/1781740479,veyru/1781173593,0.0,replace_learned,23,field_observer,only 1 lamp in kit. seq?,False,none,none,,
veyru/1781740500,veyru/1781173593,0.0,replace_learned,16,field_observer,no good. clarify?,True,whole,whole_procedure,True,True
veyru/1781740500,veyru/1781173593,0.0,replace_learned,19,field_observer,no. tool?,False,none,none,,
veyru/1781740500,veyru/1781173593,0.0,replace_learned,19,field_observer,how,False,none,none,,
veyru/1781740500,veyru/1781173593,0.0,replace_learned,25,field_observer,no how,False,none,none,,
veyru/1781740585,veyru/1781173593,0.0,replace_learned,16,field_observer,Failed. Clarify?,True,whole,whole_procedure,True,True
veyru/1781740585,veyru/1781173593,0.0,replace_learned,22,stabilization_engineer,Symptoms?,False,none,none,,
veyru/1781740585,veyru/1781173593,0.0,replace_learned,22,field_observer,Only 1 lamp. Which face?,False,none,none,,
veyru/1781721710,veyru/1781173594,10.0,replace_learned,17,stabilization_engineer,?,False,none,none,,
veyru/1781728827,veyru/1781173594,5.0,replace_learned,15,stabilization_engineer,?warp = soft (bulge/wobble) or other?,True,part,motif_symptom,False,True
veyru/1781728837,veyru/1781173594,5.0,replace_learned,17,stabilization_engineer,describe more?,False,none,none,,
veyru/1781728913,veyru/1781173594,5.0,replace_learned,18,stabilization_engineer,leak or void?,False,none,none,,
veyru/1781728913,veyru/1781173594,5.0,replace_learned,21,stabilization_engineer,therm or high?,False,none,none,,
veyru/1781735147,veyru/1781173594,1.0,replace_learned,16,stabilization_engineer,?over=high?,True,part,motif_symptom,False,True
veyru/1781735293,veyru/1781173594,1.0,replace_learned,21,stabilization_engineer,?,False,none,none,,
veyru/1781735293,veyru/1781173594,1.0,replace_learned,24,stabilization_engineer,?,False,none,none,,
veyru/1781735293,veyru/1781173594,1.0,replace_learned,25,stabilization_engineer,?,False,none,none,,
veyru/1781740743,veyru/1781173594,0.0,replace_learned,19,field_observer,"failed, advise",False,none,none,,
veyru/1781719022,veyru/1781173595,10.0,replace_learned,17,field_observer,Still no. Clarify?,False,none,none,,
veyru/1781719022,veyru/1781173595,10.0,replace_learned,17,field_observer,Bd ea face 12s. No chg. Start face?,False,none,none,,
veyru/1781719022,veyru/1781173595,10.0,replace_learned,18,field_observer,Still no. Time?,False,none,none,,
veyru/1781719022,veyru/1781173595,10.0,replace_learned,22,field_observer,"Lp-d Bo, Lp-b T, g 10s. No chg. Clarify?",False,none,none,,
veyru/1781719022,veyru/1781173595,10.0,replace_learned,22,field_observer,Still no. New instruct?,False,none,none,,
veyru/1781719022,veyru/1781173595,10.0,replace_learned,23,field_observer,"C T+Bo 12s f, corners. No chg. How?",False,none,none,,
veyru/1781719022,veyru/1781173595,10.0,replace_learned,25,field_observer,No chg. Tn=tone/turn/lamp?,True,part,template,False,True
veyru/1781719084,veyru/1781173595,10.0,replace_learned,16,field_observer,Bd failing. Clarify?,False,none,none,,
veyru/1781719280,veyru/1781173595,10.0,replace_learned,16,field_observer,Bd fails. Which face bright?,False,none,none,,
veyru/1781719280,veyru/1781173595,10.0,replace_learned,16,field_observer,Still fail. Hold time?,False,none,none,,
veyru/1781719280,veyru/1781173595,10.0,replace_learned,18,field_observer,S fails. Order?,False,none,none,,
veyru/1781719280,veyru/1781173595,10.0,replace_learned,19,field_observer,Tn=tone? Lamp?,True,part,template,False,True
veyru/1781719280,veyru/1781173595,10.0,replace_learned,23,field_observer,Cloth T+bell fails. Edge order?,False,none,none,,
veyru/1781719280,veyru/1781173595,10.0,replace_learned,25,field_observer,Bd fails. Pair order?,False,none,none,,
veyru/1781728957,veyru/1781173595,5.0,replace_learned,16,field_observer,Failed. Clarify?,False,none,none,,
veyru/1781728957,veyru/1781173595,5.0,replace_learned,16,field_observer,Still fail. Order after Ba?,False,none,none,,
veyru/1781728957,veyru/1781173595,5.0,replace_learned,16,field_observer,"Still fail Ba,F,L,R,T,Bo. Miss param?",False,none,none,,
veyru/1781728957,veyru/1781173595,5.0,replace_learned,17,field_observer,Failed again.,False,none,none,,
veyru/1781728957,veyru/1781173595,5.0,replace_learned,18,field_observer,Fail. Rt=rotate?,True,part,template,False,True
veyru/1781728957,veyru/1781173595,5.0,replace_learned,20,field_observer,Cloth+bell front failed. Clarify F-face?,True,part,face,False,True
veyru/1781728957,veyru/1781173595,5.0,replace_learned,20,field_observer,Still fail. g=gentle intensity?,True,part,intensity,False,True
veyru/1781728957,veyru/1781173595,5.0,replace_learned,21,field_observer,Fail. C=cloth? T=top?,True,part,other,True,True
veyru/1781728957,veyru/1781173595,5.0,replace_learned,22,field_observer,Fail. Seq or simul?,False,none,none,,
veyru/1781728957,veyru/1781173595,5.0,replace_learned,22,field_observer,"Still fail. ""Dim""=covered lamp?",True,part,other,False,True
veyru/1781728957,veyru/1781173595,5.0,replace_learned,23,field_observer,"Fail. ""Rotate""=spin Veyru?",True,part,template,False,True
veyru/1781728957,veyru/1781173595,5.0,replace_learned,24,field_observer,Fail. Cloth on which face?,False,none,none,,
veyru/1781728957,veyru/1781173595,5.0,replace_learned,25,field_observer,"Fail. ""Fade""=reduce intensity at end?",True,part,other,False,True
veyru/1781729178,veyru/1781173595,5.0,replace_learned,15,field_observer,Failed. Retry?,False,none,none,,
veyru/1781729178,veyru/1781173595,5.0,replace_learned,16,field_observer,Still fail. Only Ba face?,False,none,none,,
veyru/1781729178,veyru/1781173595,5.0,replace_learned,16,field_observer,Fail. Bell or board?,False,none,none,,
veyru/1781729178,veyru/1781173595,5.0,replace_learned,23,field_observer,Fail. Rotate=turn Veyru?,True,part,template,False,True
veyru/1781729178,veyru/1781173595,5.0,replace_learned,24,field_observer,Fail. 15s/face or total?,False,none,none,,
veyru/1781729178,veyru/1781173595,5.0,replace_learned,25,field_observer,Fail again.,False,none,none,,
veyru/1781729248,veyru/1781173595,5.0,replace_learned,16,field_observer,Fail. Rpt?,False,none,none,,
veyru/1781729248,veyru/1781173595,5.0,replace_learned,16,field_observer,Fail again.,False,none,none,,
veyru/1781729248,veyru/1781173595,5.0,replace_learned,19,field_observer,"Fail.""Tn""=?",True,part,template,False,True
veyru/1781729248,veyru/1781173595,5.0,replace_learned,23,field_observer,Fail. Which opp pair?,False,none,none,,
veyru/1781729248,veyru/1781173595,5.0,replace_learned,25,field_observer,Fail again.Face order?,False,none,none,,
veyru/1781735523,veyru/1781173595,1.0,replace_learned,17,field_observer,Fail again.,False,none,none,,
veyru/1781735523,veyru/1781173595,1.0,replace_learned,18,field_observer,Fail. Clarify Rt+Tn?,True,part,template,True,True
veyru/1781735523,veyru/1781173595,1.0,replace_learned,19,field_observer,Fail again.,False,none,none,,
veyru/1781735523,veyru/1781173595,1.0,replace_learned,20,field_observer,Fail again.,False,none,none,,
veyru/1781735583,veyru/1781173595,1.0,replace_learned,16,field_observer,S-Ba fail. Retry?,False,none,none,,
veyru/1781735583,veyru/1781173595,1.0,replace_learned,16,field_observer,Fail again.,False,none,none,,
veyru/1781735583,veyru/1781173595,1.0,replace_learned,17,field_observer,Fail. Alt?,False,none,none,,
veyru/1781735583,veyru/1781173595,1.0,replace_learned,21,field_observer,Fail3. Diff approach?,False,none,none,,
veyru/1781735583,veyru/1781173595,1.0,replace_learned,21,field_observer,Still fail. Other tool?,False,none,none,,
veyru/1781735583,veyru/1781173595,1.0,replace_learned,22,field_observer,Fail2. Clarify Lp-d/Lp-b?,True,part,other,True,True
veyru/1781735583,veyru/1781173595,1.0,replace_learned,23,field_observer,Fail. Clarify rotate+Tn?,True,part,template,True,True
veyru/1781735583,veyru/1781173595,1.0,replace_learned,25,field_observer,Fail2. Alt tool?,False,none,none,,
veyru/1781735652,veyru/1781173595,1.0,replace_learned,16,field_observer,No effect. Clarify?,False,none,none,,
veyru/1781735652,veyru/1781173595,1.0,replace_learned,17,field_observer,Still no. Bd=board? m=medium?,True,part,other,True,True
veyru/1781735652,veyru/1781173595,1.0,replace_learned,17,field_observer,Still no. C=cloth?,True,part,template,False,True
veyru/1781735652,veyru/1781173595,1.0,replace_learned,18,field_observer,No effect. S=stone beside or on?,True,part,template,False,False
veyru/1781735652,veyru/1781173595,1.0,replace_learned,19,field_observer,No. Tn=?,True,part,template,False,True
veyru/1781735652,veyru/1781173595,1.0,replace_learned,19,field_observer,No. Fade=lamp fade?,True,part,other,False,True
veyru/1781735652,veyru/1781173595,1.0,replace_learned,20,field_observer,No effect. Retry?,False,none,none,,
veyru/1781735652,veyru/1781173595,1.0,replace_learned,20,field_observer,Still no. F-edges=4 edges of front face?,True,part,face,True,True
veyru/1781735652,veyru/1781173595,1.0,replace_learned,21,field_observer,Still no. Bell x2=2 total or 2 per edge?,True,part,other,False,True
veyru/1781735652,veyru/1781173595,1.0,replace_learned,21,field_observer,Still no. Any other params?,False,none,none,,
veyru/1781735652,veyru/1781173595,1.0,replace_learned,22,field_observer,Still no. Cloth pressure level?,False,none,none,,
veyru/1781735652,veyru/1781173595,1.0,replace_learned,22,field_observer,No.Try firm cloth?,False,none,none,,
veyru/1781735652,veyru/1781173595,1.0,replace_learned,23,field_observer,Still no.Bell gentle or firm?,False,none,none,,
veyru/1781735652,veyru/1781173595,1.0,replace_learned,24,field_observer,Still no. Fan duration per face?,False,none,none,,
veyru/1781735652,veyru/1781173595,1.0,replace_learned,25,field_observer,No. Bell intensity?,False,none,none,,
veyru/1781740808,veyru/1781173595,0.0,replace_learned,18,field_observer,Failed again. New action?,False,none,none,,
veyru/1781740808,veyru/1781173595,0.0,replace_learned,19,field_observer,No effect. Retry or new?,False,none,none,,
veyru/1781740808,veyru/1781173595,0.0,replace_learned,19,field_observer,Fail again. C=cloth? Fn=fan? L=bright face?,True,part,other,True,True
veyru/1781740808,veyru/1781173595,0.0,replace_learned,20,field_observer,Fail. Alt action?,False,none,none,,
veyru/1781740808,veyru/1781173595,0.0,replace_learned,24,field_observer,Fail. Retry?,False,none,none,,
veyru/1781740808,veyru/1781173595,0.0,replace_learned,24,field_observer,Fail again. More detail on m?,True,part,intensity,False,True
veyru/1781740808,veyru/1781173595,0.0,replace_learned,24,field_observer,Fail. F=front face?,True,part,face,False,True
veyru/1781740808,veyru/1781173595,0.0,replace_learned,24,field_observer,Still fail. What tool: bell on face or edge?,False,none,none,,
veyru/1781740812,veyru/1781173595,0.0,replace_learned,17,field_observer,"Board front m 12s, ea pair — no. Next?",False,none,none,,
veyru/1781740812,veyru/1781173595,0.0,replace_learned,19,field_observer,Fan 1st then C — no. C on all faces?,False,none,none,,
veyru/1781740869,veyru/1781173595,0.0,replace_learned,16,field_observer,Bell+8s failed. Clarify: which face 1st?,False,none,none,,
veyru/1781740869,veyru/1781173595,0.0,replace_learned,17,field_observer,Failed.Bd=board? m=12s hold?,True,part,other,True,True
veyru/1781740869,veyru/1781173595,0.0,replace_learned,18,field_observer,"V18:frozen dim,silent,cold. Orders?",False,none,none,,
veyru/1781740869,veyru/1781173595,0.0,replace_learned,18,field_observer,Fail.B=bell/board?L=lamp/left?,True,part,other,True,True
veyru/1781740869,veyru/1781173595,0.0,replace_learned,19,field_observer,Fail.Left=my left or bright face's left?,True,part,face,False,True
veyru/1781740869,veyru/1781173595,0.0,replace_learned,19,field_observer,Still fail.Fan before cloth?,False,none,none,,
veyru/1781740869,veyru/1781173595,0.0,replace_learned,20,field_observer,"V20:frozen dim,silent,cold(=V18). Orders?",False,none,none,,
veyru/1781740869,veyru/1781173595,0.0,replace_learned,20,field_observer,Fail.x2=2rings/edge or 2edges?,True,part,other,False,True
veyru/1781740869,veyru/1781173595,0.0,replace_learned,21,field_observer,Fail.Top edge order?,False,none,none,,
veyru/1781740869,veyru/1781173595,0.0,replace_learned,22,field_observer,Fail.Hold=keep lamp on top after 10s?,True,part,other,False,True
veyru/1781740869,veyru/1781173595,0.0,replace_learned,23,field_observer,Fail.Same as V21 fail. Hint?,False,none,none,,
veyru/1781740869,veyru/1781173595,0.0,replace_learned,23,field_observer,"S1 ok.Light drift,edges blur,hum waver. Next?",False,none,none,,
veyru/1781740869,veyru/1781173595,0.0,replace_learned,24,field_observer,S1 ok.1face bright+vib+whine. Next?,False,none,none,,
veyru/1781740869,veyru/1781173595,0.0,replace_learned,24,field_observer,Fail.Cloth on bright or front face?,False,none,none,,
veyru/1781740869,veyru/1781173595,0.0,replace_learned,24,field_observer,S2 ok.1-2 corners bright+hot+tick. Next?,False,none,none,,
veyru/1781740869,veyru/1781173595,0.0,replace_learned,25,field_observer,"S2 ok.Dim all,faint hum. Next?",False,none,none,,
veyru/1781740869,veyru/1781173595,0.0,replace_learned,25,field_observer,S3 ok.Corners bright+hot+tick. Final?,False,none,none,,
veyru/1781719431,veyru/1781175557,10.0,replace_learned,22,stabilization_engineer,CF=CV? Or describe 1 symptom.,True,part,motif_symptom,False,False
veyru/1781719431,veyru/1781175557,10.0,replace_learned,25,stabilization_engineer,HR unclear. One symptom word?,True,part,motif_symptom,False,False
veyru/1781729571,veyru/1781175557,5.0,replace_learned,22,stabilization_engineer,?,False,none,none,,
veyru/1781729690,veyru/1781175557,5.0,replace_learned,17,stabilization_engineer,DK unknown. CD or DE?,True,part,motif_symptom,False,False
veyru/1781729690,veyru/1781175557,5.0,replace_learned,25,stabilization_engineer,RD symptoms? 5 chars.,True,part,motif_symptom,False,False
veyru/1781735758,veyru/1781175557,1.0,replace_learned,17,field_observer,Board ineffective. Clarify?,False,none,none,,
veyru/1781735803,veyru/1781175557,1.0,replace_learned,17,field_observer,Board ineffective. Same symptoms.,False,none,none,,
veyru/1781735804,veyru/1781175557,1.0,replace_learned,16,field_observer,Failed. Same symptoms.,False,none,none,,
veyru/1781735804,veyru/1781175557,1.0,replace_learned,18,field_observer,F again,False,none,none,,
veyru/1781740922,veyru/1781175557,0.0,replace_learned,17,field_observer,Cloth+fan ineffective. New instruction?,False,none,none,,
veyru/1781740922,veyru/1781175557,0.0,replace_learned,22,field_observer,Stable. No new symptoms.,False,none,none,,
veyru/1781740949,veyru/1781175557,0.0,replace_learned,16,field_observer,Bell ineffective. Retry or new steps?,False,none,none,,
veyru/1781740949,veyru/1781175557,0.0,replace_learned,17,field_observer,Still ineffective. ~39s left. Next?,False,none,none,,
veyru/1781740949,veyru/1781175557,0.0,replace_learned,18,field_observer,Ineffective. ~27s. Next?,False,none,none,,
veyru/1781740949,veyru/1781175557,0.0,replace_learned,18,field_observer,Bell L/R 5x ineffective. Next?,False,none,none,,
veyru/1781740949,veyru/1781175557,0.0,replace_learned,19,field_observer,Still no. Other tool?,False,none,none,,
veyru/1781740949,veyru/1781175557,0.0,replace_learned,20,field_observer,Ineffective. ~42s left. Next?,False,none,none,,
veyru/1781740949,veyru/1781175557,0.0,replace_learned,21,field_observer,Ineffective. ~42s. Next?,False,none,none,,
veyru/1781740949,veyru/1781175557,0.0,replace_learned,23,field_observer,Ineffective. ~54s. Next?,False,none,none,,
veyru/1781740949,veyru/1781175557,0.0,replace_learned,24,field_observer,Ineffective. Next?,False,none,none,,
veyru/1781740949,veyru/1781175557,0.0,replace_learned,24,field_observer,F. Code?,False,none,none,,
veyru/1781740964,veyru/1781175557,0.0,replace_learned,24,field_observer,No effect. Try?,False,none,none,,
